frp,hcho
1.23,0.0001162458296953287
1.23,0.00011531031659902528
1.23,0.00011531031659902528
1.23,0.0001162458296953287
1.23,0.0001162458296953287
1.23,0.00011531031659902528
1.23,0.0001162458296953287
1.23,0.0001162458296953287
1.23,0.0001162458296953287
0.88,0.0001202673187316249
0.88,0.0001202673187316249
0.88,0.0001202673187316249
0.88,0.0001202673187316249
0.88,0.0001202673187316249
0.88,0.0001202673187316249
0.88,0.00014024893013158722
0.88,0.0001202673187316249
0.88,0.0001202673187316249
0.81,0.00010337899709027813
0.81,0.00010337899709027813
0.81,0.00010337899709027813
0.81,0.00010337899709027813
0.81,0.00010337899709027813
0.81,0.00010337899709027813
0.81,0.00010337899709027813
0.81,0.00010337899709027813
0.81,0.00010337899709027813
0.69,0.00011033042808690968
0.69,0.00011033042808690968
0.69,0.00011033042808690968
0.69,0.00011033042808690968
0.69,0.00011033042808690968
0.69,0.00011033042808690968
0.69,0.00011033042808690968
0.69,0.00011033042808690968
0.69,0.00011033042808690968
2.35,7.754599353578453e-05
2.35,7.754599353578453e-05
2.35,7.754599353578453e-05
2.35,7.754599353578453e-05
2.35,7.754599353578453e-05
2.35,7.754599353578453e-05
2.35,7.754599353578453e-05
2.35,7.754599353578453e-05
2.35,7.754599353578453e-05
7.18,7.370471908552467e-05
7.18,7.370471908552467e-05
7.18,7.370471908552467e-05
7.18,7.370471908552467e-05
7.18,7.370471908552467e-05
7.18,7.370471908552467e-05
10.0,0.00012225865485101026
10.0,0.00012225865485101026
10.0,0.00012225865485101026
10.0,0.00012225865485101026
10.0,0.00012225865485101026
10.0,0.00012225865485101026
10.0,0.00012225865485101026
10.0,0.00012225865485101026
10.0,0.00012225865485101026
2.67,0.0001329142123351602
2.67,0.0001329142123351602
2.67,0.0001329142123351602
2.67,0.0001329142123351602
2.67,0.0001329142123351602
2.67,0.0001329142123351602
2.67,0.0001329142123351602
2.67,0.0001329142123351602
2.67,0.0001329142123351602
3.42,0.00015629623317407466
3.42,0.00015629623317407466
3.42,0.00015629623317407466
3.42,0.00015629623317407466
3.42,0.00015629623317407466
3.42,0.00015629623317407466
5.01,8.636402666379037e-05
5.01,8.636402666379037e-05
5.01,8.636402666379037e-05
5.01,8.636402666379037e-05
5.01,8.636402666379037e-05
5.01,8.636402666379037e-05
2.2,9.880680464138976e-05
2.2,9.880680464138976e-05
2.2,9.880680464138976e-05
2.2,9.880680464138976e-05
2.2,9.880680464138976e-05
2.2,9.880680464138976e-05
2.2,9.880680464138976e-05
2.2,9.880680464138976e-05
2.2,9.880680464138976e-05
4.81,7.280022457366795e-05
4.81,7.280022457366795e-05
4.81,7.280022457366795e-05
4.81,7.280022457366795e-05
5.52,7.280022457366795e-05
5.52,7.280022457366795e-05
5.52,7.280022457366795e-05
4.81,7.280022457366795e-05
4.81,7.280022457366795e-05
7.73,7.280022457366795e-05
7.73,7.280022457366795e-05
7.73,7.280022457366795e-05
5.52,7.280022457366795e-05
4.81,7.280022457366795e-05
4.81,7.280022457366795e-05
7.73,7.280022457366795e-05
7.73,7.280022457366795e-05
7.73,7.280022457366795e-05
5.52,7.280022457366795e-05
2.6,7.280022457366795e-05
2.6,7.280022457366795e-05
2.6,7.280022457366795e-05
2.6,7.280022457366795e-05
2.6,7.280022457366795e-05
2.6,7.280022457366795e-05
2.6,7.280022457366795e-05
2.6,7.280022457366795e-05
2.6,7.280022457366795e-05
1.82,4.839322612911759e-05
1.82,4.839322612911759e-05
5.62,4.839322612911759e-05
5.62,4.839322612911759e-05
1.82,4.839322612911759e-05
5.62,4.839322612911759e-05
5.62,4.839322612911759e-05
1.82,4.839322612911759e-05
1.92,4.839322612911759e-05
2.36,7.537917083021275e-05
2.36,0.00010111027595251148
0.66,0.00010111027595251148
8.57,7.537917083021275e-05
4.91,7.537917083021275e-05
4.91,7.537917083021275e-05
4.91,7.537917083021275e-05
2.36,0.00010111027595251148
0.66,0.00010111027595251148
8.57,7.537917083021275e-05
4.91,7.537917083021275e-05
4.91,7.537917083021275e-05
4.91,7.537917083021275e-05
2.36,7.537917083021275e-05
0.66,0.00010111027595251148
4.91,7.537917083021275e-05
4.91,7.537917083021275e-05
4.91,7.537917083021275e-05
4.91,7.537917083021275e-05
10.21,0.0002318569825224336
10.21,0.0002318569825224336
10.21,0.0002318569825224336
10.21,0.0002318569825224336
10.21,0.0002318569825224336
10.21,0.0002318569825224336
1.03,0.00013256697372878625
1.03,0.00013256697372878625
1.03,0.00013256697372878625
1.03,0.00013256697372878625
1.03,0.00013256697372878625
1.03,0.00013256697372878625
2.57,0.00012931100907488996
2.57,0.00012931100907488996
2.96,0.00012931100907488996
2.57,0.00012931100907488996
2.57,0.00012931100907488996
2.96,0.00012931100907488996
2.57,0.00012822823113363603
2.57,0.00012822823113363603
2.96,0.00012822823113363603
0.59,0.0001748174832258443
0.99,0.0001802713717147117
0.99,0.0001802713717147117
0.99,0.0001802713717147117
0.59,0.0001748174832258443
0.99,0.0001748174832258443
0.99,0.0001802713717147117
0.99,0.0001802713717147117
0.59,0.0001748174832258443
0.99,0.0001748174832258443
0.99,0.0001748174832258443
0.99,0.0001802713717147117
0.59,0.0001748174832258443
0.59,0.0001748174832258443
0.59,0.0001748174832258443
0.99,0.0002043820948423058
0.99,0.0002043820948423058
0.99,0.0002043820948423058
1.49,0.0002043820948423058
0.99,0.0002043820948423058
0.99,0.0002043820948423058
0.99,0.0002043820948423058
1.49,0.0002043820948423058
1.66,0.0002043820948423058
0.99,0.0002043820948423058
0.99,0.0002043820948423058
1.13,0.0002043820948423058
1.49,0.0002043820948423058
1.66,0.0002043820948423058
0.99,0.0002043820948423058
0.99,0.0002043820948423058
1.13,0.0002043820948423058
0.43,0.0002043820948423058
0.43,0.0002043820948423058
0.43,0.0002043820948423058
1.66,0.0002043820948423058
0.99,0.0002043820948423058
0.99,0.0002043820948423058
1.13,0.0002043820948423058
0.91,0.0002043820948423058
0.91,0.0002043820948423058
0.91,0.0002043820948423058
0.82,0.0002043820948423058
0.91,0.0002043820948423058
0.91,0.0002043820948423058
0.91,0.0002043820948423058
0.82,0.0002043820948423058
0.91,0.0002043820948423058
0.91,0.0002043820948423058
0.91,0.0002043820948423058
0.82,0.0002043820948423058
0.82,0.0002043820948423058
0.82,0.0002043820948423058
0.82,0.0002043820948423058
0.57,0.00020065831477693416
0.57,0.00020065831477693416
0.57,0.00020065831477693416
0.57,0.00020065831477693416
0.57,0.00020065831477693416
0.57,0.00020065831477693416
0.57,0.00020065831477693416
0.57,0.00020065831477693416
0.57,0.00020065831477693416
0.57,0.00020065831477693416
0.57,0.00020065831477693416
0.57,0.00020065831477693416
0.73,0.000203007203905604
0.73,0.000203007203905604
0.73,0.000203007203905604
0.73,0.000203007203905604
0.73,0.000203007203905604
0.73,0.000203007203905604
0.73,0.000203007203905604
0.73,0.000203007203905604
0.73,0.000203007203905604
0.73,0.000203007203905604
0.73,0.000203007203905604
0.73,0.000203007203905604
0.66,0.0002037230781627711
0.66,0.0002037230781627711
0.66,0.0002037230781627711
0.66,0.0002037230781627711
0.66,0.0002037230781627711
0.66,0.0002037230781627711
0.66,0.0002037230781627711
0.66,0.0002037230781627711
0.66,0.0002037230781627711
8.22,0.0001970336813080866
8.22,0.0001970336813080866
8.22,0.0001970336813080866
8.22,0.0001970336813080866
8.22,0.0001970336813080866
8.22,0.0001970336813080866
8.22,0.0001970336813080866
8.22,0.0001970336813080866
8.22,0.0001970336813080866
0.35,0.0002033437408871809
0.35,0.0002033437408871809
0.35,0.0001831089854212243
0.35,0.0002033437408871809
0.35,0.0002033437408871809
0.35,0.0001831089854212243
0.35,0.0002033437408871809
0.35,0.0002033437408871809
0.35,0.0002033437408871809
0.35,0.0002033437408871809
0.35,0.0002033437408871809
0.35,0.0002033437408871809
0.59,0.0002357078229307792
0.59,0.0002357078229307792
0.59,0.0002357078229307792
0.59,0.0002357078229307792
0.59,0.0002357078229307792
0.59,0.0002357078229307792
0.59,0.0002357078229307792
0.59,0.0002357078229307792
0.53,0.0002357078229307792
0.53,0.0002357078229307792
1.03,0.000218411364794575
1.03,0.000218411364794575
1.03,0.000218411364794575
1.03,0.000218411364794575
1.03,0.000218411364794575
1.03,0.000218411364794575
3.75,0.00021841373762983567
3.75,0.00021841373762983567
3.75,0.00021841373762983567
3.75,0.00021841373762983567
3.75,0.00021841373762983567
3.75,0.00021841373762983567
3.75,0.00021841373762983567
3.75,0.00021841373762983567
3.75,0.00021841373762983567
1.58,0.00021913611603793684
1.58,0.00021913611603793684
1.58,0.00021913611603793684
1.58,0.00021913611603793684
1.7,0.00022156092473014116
1.7,0.00022156092473014116
1.7,0.00022156092473014116
1.7,0.00022156092473014116
1.7,0.00022156092473014116
1.7,0.00022156092473014116
3.17,0.00011353006011852376
3.17,0.00011353006011852376
3.17,0.00011353006011852376
3.17,0.00011353006011852376
3.17,0.00011353006011852376
3.17,0.00011353006011852376
3.17,0.00011353006011852376
3.17,0.00011353006011852376
3.17,0.00011353006011852376
4.47,0.0001913635222086639
4.47,0.0001913635222086639
4.47,0.0001913635222086639
4.47,0.0001913635222086639
0.61,0.00021468579895296623
0.61,0.000214653164384453
0.61,0.000214653164384453
4.47,0.0001913635222086639
4.47,0.0001913635222086639
0.61,0.00021468579895296623
0.61,0.00021468579895296623
0.61,0.000214653164384453
0.61,0.00021468579895296623
0.61,0.00021468579895296623
0.61,0.000214653164384453
0.59,0.00019989590051156585
0.59,0.00019989590051156585
0.59,0.00019989590051156585
0.59,0.00019989590051156585
0.59,0.00020547440779502475
0.59,0.00020547440779502475
0.59,0.0002128105649728697
0.59,0.00020547440779502475
0.59,0.00020547440779502475
0.59,0.00020547440779502475
0.59,0.00020547440779502475
0.59,0.00020547440779502475
0.59,0.00020547440779502475
1.11,0.00017381098473619682
1.11,0.00017381098473619682
1.11,0.00017381098473619682
1.11,0.00017381098473619682
1.11,0.00017381098473619682
1.11,0.00017381098473619682
1.11,0.00017381098473619682
1.11,0.00017381098473619682
1.11,0.00017381098473619682
1.44,0.00017320773548836168
1.44,0.00017320773548836168
1.44,0.00017320773548836168
1.44,0.00017320773548836168
1.44,0.00017320773548836168
1.44,0.00017320773548836168
1.46,0.00021315752346942049
1.46,0.00021315752346942049
1.46,0.00021315752346942049
2.94,0.00021125567961289025
2.94,0.00021125567961289025
2.94,0.00021125567961289025
2.83,0.00021125567961289025
1.44,0.00017865228970175454
1.44,0.00017865228970175454
1.44,0.00017865228970175454
0.98,0.00020813003954296187
0.98,0.00020813003954296187
0.98,0.00020813003954296187
0.95,0.00020813003954296187
1.46,0.00021433123460475785
1.46,0.00021433123460475785
1.46,0.00021433123460475785
2.94,0.00021433123460475785
2.94,0.00022715055557228056
2.94,0.00022715055557228056
2.83,0.00022715055557228056
0.98,0.00020813003954296187
0.98,0.00020813003954296187
0.98,0.00020813003954296187
0.95,0.00020813003954296187
2.94,0.00021433123460475785
2.94,0.00021433123460475785
2.94,0.00022715055557228056
2.83,0.00022715055557228056
0.95,0.00020813003954296187
0.95,0.00020813003954296187
0.95,0.00020813003954296187
0.47,0.00020813003954296187
0.47,0.00020813003954296187
0.47,0.00020813003954296187
1.28,0.00020898131195545925
1.28,0.00020898131195545925
1.28,0.00021433123460475785
1.53,0.00022715055557228056
1.53,0.00022715055557228056
1.53,0.00022715055557228056
0.47,0.00020813003954296187
0.47,0.00020813003954296187
0.47,0.00020813003954296187
1.28,0.00020898131195545925
1.28,0.00020898131195545925
1.28,0.00020898131195545925
1.53,0.00022715055557228056
1.53,0.00022715055557228056
1.53,0.00022715055557228056
1.28,0.00020898131195545925
1.28,0.00020898131195545925
1.28,0.00020898131195545925
0.6,0.00022715055557228056
0.73,0.00022715055557228056
0.73,0.00022715055557228056
0.73,0.00022715055557228056
1.53,0.00022715055557228056
1.53,0.00022715055557228056
1.53,0.00022715055557228056
0.49,0.00022715055557228056
0.49,0.00022715055557228056
0.49,0.00022715055557228056
0.64,0.00020813003954296187
0.64,0.00020813003954296187
0.95,0.00020813003954296187
0.95,0.00020813003954296187
0.6,0.00022715055557228056
0.73,0.00022715055557228056
0.73,0.00022715055557228056
0.73,0.00022715055557228056
0.49,0.00022715055557228056
0.49,0.00022715055557228056
0.49,0.00022715055557228056
0.64,0.00020813003954296187
0.64,0.00020813003954296187
0.95,0.00020813003954296187
0.95,0.00020813003954296187
0.95,0.00020813003954296187
3.5,0.00020898131195545925
3.5,0.00020898131195545925
3.5,0.00020898131195545925
2.05,0.00020898131195545925
0.6,0.00021433123460475785
0.73,0.00022715055557228056
0.73,0.00022715055557228056
0.91,0.00022715055557228056
0.91,0.00022715055557228056
6.5,0.00022715055557228056
6.5,0.00022715055557228056
6.5,0.00022715055557228056
0.49,0.00022715055557228056
1.93,0.00022715055557228056
1.93,0.00022715055557228056
1.93,0.00022715055557228056
1.59,0.00022715055557228056
1.59,0.00022715055557228056
1.59,0.00022715055557228056
1.59,0.00022715055557228056
1.59,0.00022715055557228056
0.95,0.00020813003954296187
0.95,0.00020813003954296187
0.95,0.00020813003954296187
0.69,0.00021038438059554
0.69,0.00021038438059554
0.69,0.00021038438059554
3.5,0.00020898131195545925
3.5,0.00020898131195545925
3.5,0.00020898131195545925
2.05,0.00020898131195545925
1.24,0.00020898131195545925
0.91,0.00022715055557228056
0.91,0.00022715055557228056
0.91,0.00022715055557228056
0.91,0.00022715055557228056
6.5,0.00022715055557228056
6.5,0.00022715055557228056
6.5,0.00022715055557228056
1.87,0.00022715055557228056
1.93,0.00022715055557228056
1.93,0.00022715055557228056
1.93,0.00022715055557228056
1.06,0.00022715055557228056
1.59,0.00022715055557228056
1.59,0.00022715055557228056
1.59,0.00022715055557228056
1.59,0.00022715055557228056
1.59,0.00022715055557228056
0.95,0.00020813003954296187
0.95,0.00020813003954296187
0.95,0.00020813003954296187
0.69,0.00021038438059554
0.69,0.00021038438059554
0.69,0.00021038438059554
3.5,0.00020898131195545925
3.5,0.00020898131195545925
3.5,0.00020898131195545925
2.05,0.00020898131195545925
1.24,0.00020898131195545925
0.91,0.00022715055557228056
0.91,0.00022715055557228056
6.5,0.00022715055557228056
6.5,0.00022715055557228056
6.5,0.00022715055557228056
1.87,0.00022715055557228056
2.25,0.00022715055557228056
5.59,0.00022715055557228056
5.59,0.00022715055557228056
5.59,0.00022715055557228056
1.93,0.00022715055557228056
1.06,0.00022715055557228056
1.59,0.00022715055557228056
1.59,0.00022715055557228056
1.59,0.00022715055557228056
1.59,0.00022715055557228056
1.59,0.00022715055557228056
0.69,0.00021038438059554
0.69,0.00021038438059554
0.69,0.00021038438059554
3.22,0.00020898131195545925
3.22,0.00020898131195545925
3.22,0.00020898131195545925
1.24,0.00020898131195545925
1.24,0.00020898131195545925
1.87,0.00022715055557228056
1.87,0.00022715055557228056
1.87,0.00022715055557228056
2.25,0.00022715055557228056
5.59,0.00022715055557228056
5.59,0.00022715055557228056
5.59,0.00022715055557228056
1.84,0.00022715055557228056
1.59,0.00022715055557228056
1.59,0.00022715055557228056
1.59,0.00022715055557228056
1.59,0.00022715055557228056
0.92,0.00020898131195545925
0.92,0.00020898131195545925
0.92,0.00020898131195545925
1.24,0.00020898131195545925
1.24,0.00020898131195545925
5.59,0.00022715055557228056
5.59,0.00022715055557228056
5.59,0.00022715055557228056
1.84,0.00022715055557228056
1.84,0.00022715055557228056
1.84,0.00022715055557228056
2.22,0.00022715055557228056
0.84,0.00022715055557228056
0.84,0.00022715055557228056
0.84,0.00022715055557228056
0.84,0.00022715055557228056
0.84,0.00022715055557228056
0.92,0.00020898131195545925
0.92,0.00020898131195545925
0.92,0.00020898131195545925
0.92,0.00020898131195545925
2.22,0.00022715055557228056
2.01,0.00022715055557228056
2.01,0.00022715055557228056
2.01,0.00022715055557228056
2.91,0.00022715055557228056
2.91,0.00022715055557228056
2.91,0.00022715055557228056
0.63,0.00022715055557228056
0.63,0.00022715055557228056
1.16,0.00022508460570922685
1.16,0.00022508460570922685
1.16,0.00022508460570922685
2.01,0.00022715055557228056
2.01,0.00022715055557228056
2.01,0.00022715055557228056
2.91,0.00022715055557228056
6.93,0.00022715055557228056
6.93,0.00022715055557228056
6.93,0.00022715055557228056
0.63,0.00022715055557228056
0.9,0.00022508460570922685
0.9,0.00022508460570922685
0.9,0.00022508460570922685
1.16,0.00022508460570922685
1.16,0.00022508460570922685
2.01,0.00022715055557228056
2.01,0.00022715055557228056
2.91,0.00022715055557228056
6.93,0.00022715055557228056
6.93,0.00022715055557228056
6.93,0.00022715055557228056
1.2,0.00022715055557228056
0.9,0.00022508460570922685
0.9,0.00022508460570922685
0.9,0.00022508460570922685
1.16,0.00022508460570922685
1.16,0.00022508460570922685
1.53,0.00022715055557228056
6.93,0.00022715055557228056
6.93,0.00022715055557228056
6.93,0.00022715055557228056
1.2,0.00022715055557228056
0.9,0.00022508460570922685
0.9,0.00022508460570922685
0.9,0.00022508460570922685
1.16,0.00022508460570922685
1.53,0.00022715055557228056
1.53,0.00022715055557228056
1.53,0.00022715055557228056
1.53,0.00022715055557228056
1.2,0.00022715055557228056
1.53,0.00022715055557228056
1.53,0.00022715055557228056
1.53,0.00022715055557228056
1.22,0.00020005793773898364
1.22,0.00020005793773898364
1.1,0.00023295814309273744
1.1,0.00023295814309273744
1.1,0.00023295814309273744
1.22,0.00020005793773898364
1.22,0.00020005793773898364
1.1,0.00023295814309273744
1.1,0.00023295814309273744
1.1,0.00023295814309273744
0.89,0.00017826548806605175
0.89,0.00017826548806605175
1.22,0.00020005793773898364
1.22,0.00020005793773898364
0.89,0.00017826548806605175
0.89,0.00017826548806605175
2.32,0.00023295814309273744
2.32,0.00023295814309273744
2.32,0.00023295814309273744
0.89,0.00017826548806605175
0.89,0.00017826548806605175
2.32,0.00023295814309273744
2.32,0.00023295814309273744
1.6,0.00023295814309273744
1.6,0.00023295814309273744
1.6,0.00023295814309273744
1.6,0.00023295814309273744
1.6,0.00023295814309273744
1.6,0.00023295814309273744
1.6,0.00023295814309273744
1.6,0.00023295814309273744
1.6,0.00023295814309273744
1.19,0.00023295814309273744
1.19,0.00023295814309273744
0.71,0.00017826548806605175
0.71,0.00017826548806605175
0.71,0.00017826548806605175
1.19,0.00023295814309273744
1.19,0.00023295814309273744
1.19,0.00023295814309273744
2.14,0.00023295814309273744
2.14,0.00023295814309273744
2.14,0.00023295814309273744
0.71,0.00017826548806605175
0.71,0.00017826548806605175
0.71,0.00017826548806605175
1.19,0.00023295814309273744
1.19,0.00023295814309273744
1.22,0.00023295814309273744
1.22,0.00023295814309273744
1.22,0.00023295814309273744
2.14,0.00023295814309273744
0.71,0.00017826548806605175
0.71,0.00017826548806605175
0.71,0.00017826548806605175
1.22,0.00023295814309273744
1.22,0.00023295814309273744
1.22,0.00023295814309273744
1.22,0.0002261827606980021
1.22,0.0002261827606980021
1.22,0.0002261827606980021
1.38,0.0002261827606980021
1.38,0.0002261827606980021
1.38,0.0002261827606980021
1.38,0.0002261827606980021
1.38,0.0002261827606980021
1.38,0.0002261827606980021
0.4,0.0001871852789816499
0.4,0.0001871852789816499
0.4,0.0001871852789816499
0.4,0.0001871852789816499
0.51,0.0001871852789816499
0.51,0.0001871852789816499
0.51,0.0001871852789816499
0.51,0.0001871852789816499
0.51,0.0001871852789816499
0.51,0.0001871852789816499
0.51,0.0001871852789816499
4.98,0.00021954303484737956
7.44,0.00021954303484737956
7.44,0.00021954303484737956
7.44,0.00021954303484737956
3.1,0.00021954303484737956
0.56,0.00022296754155026597
0.56,0.00022296754155026597
8.18,0.00022296754155026597
8.18,0.00022296754155026597
4.98,0.00021954303484737956
7.44,0.00021954303484737956
3.1,0.00021954303484737956
3.1,0.00021954303484737956
3.1,0.00021954303484737956
5.99,0.00021954303484737956
0.56,0.00022296754155026597
0.56,0.00022296754155026597
1.19,0.00022296754155026597
8.18,0.00022296754155026597
8.18,0.00022296754155026597
7.44,0.00021954303484737956
3.1,0.00021954303484737956
3.1,0.00021954303484737956
3.1,0.00021954303484737956
1.6,0.00021954303484737956
1.6,0.00021954303484737956
0.56,0.00022296754155026597
0.56,0.00022296754155026597
1.19,0.00022296754155026597
8.18,0.00022296754155026597
8.18,0.00022296754155026597
3.1,0.00021954303484737956
3.1,0.00021954303484737956
3.1,0.00021954303484737956
1.6,0.00021954303484737956
1.6,0.00021954303484737956
0.56,0.00022296754155026597
0.56,0.00022296754155026597
1.0,0.00022296754155026597
1.0,0.00022296754155026597
1.0,0.00022296754155026597
1.6,0.00021954303484737956
1.6,0.00021954303484737956
1.6,0.00021954303484737956
1.37,0.00021954303484737956
1.37,0.00021954303484737956
1.37,0.00021954303484737956
0.92,0.00017901505367379377
0.92,0.00017901505367379377
0.92,0.00017901505367379377
1.0,0.00022296754155026597
1.0,0.00022296754155026597
1.0,0.00022296754155026597
1.6,0.00021954303484737956
1.6,0.00021954303484737956
1.37,0.00021954303484737956
1.37,0.00021954303484737956
1.37,0.00021954303484737956
1.37,0.00021954303484737956
0.92,0.00017901505367379377
0.92,0.00017901505367379377
0.92,0.00017901505367379377
0.8,0.00022296754155026597
0.8,0.00022296754155026597
0.8,0.00022296754155026597
1.37,0.00021954303484737956
1.37,0.00021954303484737956
1.37,0.00021954303484737956
0.92,0.00017901505367379377
0.92,0.00017901505367379377
0.92,0.00017901505367379377
0.8,0.00022296754155026597
0.8,0.00022296754155026597
0.8,0.00022296754155026597
0.8,0.00022296754155026597
0.8,0.00022296754155026597
0.8,0.00022296754155026597
1.23,0.00020373979213616128
1.23,0.00020373979213616128
1.23,0.00020373979213616128
1.23,0.00020373979213616128
1.23,0.00020373979213616128
1.23,0.00020373979213616128
1.23,0.00020373979213616128
1.23,0.00020373979213616128
1.23,0.00020373979213616128
2.32,0.0002160454733874704
2.32,0.0002160454733874704
2.32,0.0002160454733874704
2.32,0.0002190973965718848
2.32,0.0002190973965718848
2.32,0.0002190973965718848
1.05,0.00016826918691200857
1.05,0.00016826918691200857
1.05,0.00016826918691200857
1.05,0.00016826918691200857
0.81,0.00013856636556338603
0.81,0.00013856636556338603
0.81,0.00013856636556338603
0.81,0.00013856636556338603
0.81,0.00013856636556338603
0.81,0.00013856636556338603
0.81,0.00013856636556338603
0.81,0.00013856636556338603
0.81,0.00013856636556338603
2.0,0.0001546259622288248
2.0,0.0001546259622288248
2.0,0.0001546259622288248
2.0,0.0001546259622288248
2.0,0.0001546259622288248
2.0,0.0001546259622288248
2.0,0.0001546259622288248
2.0,0.0001546259622288248
2.0,0.0001546259622288248
0.97,0.00016792482178194218
0.97,0.00016792482178194218
0.97,0.00016792482178194218
0.97,0.00016792482178194218
0.97,0.00016792482178194218
0.97,0.00016792482178194218
0.97,0.00016792482178194218
0.97,0.00016792482178194218
0.97,0.00016792482178194218
0.97,0.00016792482178194218
0.97,0.00016792482178194218
0.97,0.00016792482178194218
0.09,0.0001905575609650164
0.09,0.0001905575609650164
0.09,0.0001905575609650164
0.2,0.0001905575609650164
0.2,0.0001905575609650164
0.2,0.0001905575609650164
0.2,0.0001905575609650164
0.2,0.0001905575609650164
0.2,0.0001905575609650164
0.2,0.0001905575609650164
0.2,0.0001905575609650164
0.2,0.0001905575609650164
0.42,0.0001966692197094357
0.42,0.0001966692197094357
0.42,0.0001966692197094357
0.42,0.0001966692197094357
0.42,0.0001966692197094357
0.42,0.0001966692197094357
0.42,0.0001966692197094357
0.42,0.0001966692197094357
0.42,0.0001966692197094357
1.47,0.0001862168645445048
1.47,0.0001862168645445048
1.47,0.0001862168645445048
1.47,0.0001862168645445048
1.47,0.0001862168645445048
1.47,0.0001862168645445048
6.67,0.00018858363449974388
6.67,0.00018858363449974388
6.67,0.00018228430214701808
6.67,0.00018228430214701808
2.76,0.00018228430214701808
2.76,0.00018228430214701808
2.76,0.00018228430214701808
2.76,0.00018228430214701808
2.67,0.0001737842835752965
2.67,0.0001737842835752965
2.67,0.0001737842835752965
2.67,0.0001737842835752965
2.67,0.0001737842835752965
2.67,0.0001737842835752965
2.67,0.0001737842835752965
2.67,0.0001737842835752965
2.67,0.0001737842835752965
5.78,0.0001737842835752965
5.78,0.0001737842835752965
5.78,0.0001737842835752965
5.78,0.0001737842835752965
5.78,0.0001737842835752965
5.78,0.0001737842835752965
6.44,0.00017317177012451924
6.44,0.00017317177012451924
6.44,0.00017317177012451924
6.44,0.00017317177012451924
6.44,0.00017317177012451924
6.44,0.00017317177012451924
6.44,0.00017317177012451924
6.44,0.00017317177012451924
6.44,0.00017317177012451924
6.44,0.00017317177012451924
6.44,0.00017317177012451924
6.44,0.00017317177012451924
6.44,0.00017317177012451924
6.44,0.00017317177012451924
2.36,0.00017735004830850433
2.36,0.00017735004830850433
2.36,0.00017735004830850433
2.36,0.00017735004830850433
2.36,0.00017735004830850433
2.36,0.00017735004830850433
3.7,0.00017619576861334878
3.7,0.00017619576861334878
3.7,0.00017619576861334878
3.7,0.00017619576861334878
3.7,0.00017619576861334878
3.7,0.00017619576861334878
3.7,0.00017619576861334878
3.7,0.00017619576861334878
3.7,0.00017619576861334878
3.7,0.00017619576861334878
3.7,0.00017619576861334878
3.7,0.00017619576861334878
3.7,0.00017619576861334878
3.7,0.00017619576861334878
0.61,0.00014535638044674496
0.61,0.00014535638044674496
0.61,0.00014535638044674496
0.61,0.00014535638044674496
0.61,0.00014535638044674496
0.61,0.00014535638044674496
0.61,0.00014535638044674496
0.61,0.00014535638044674496
0.61,0.00014535638044674496
0.68,0.00014145783970196486
0.68,0.00014145783970196486
0.68,0.00014145783970196486
0.68,0.00014145783970196486
0.68,0.00014145783970196486
0.68,0.00014145783970196486
0.68,0.00014145783970196486
0.68,0.00014145783970196486
0.68,0.00014145783970196486
0.56,0.00014145783970196486
0.56,0.00014145783970196486
0.56,0.00014145783970196486
2.88,0.00011104202300717864
2.88,0.00011104202300717864
2.88,0.00011104202300717864
2.88,0.00011104202300717864
2.88,0.00011104202300717864
2.88,0.00011104202300717864
2.88,0.00011104202300717864
2.88,0.00011104202300717864
2.88,0.00011104202300717864
0.62,0.00012943373176899176
0.62,0.00012943373176899176
0.62,0.00012943373176899176
0.62,0.00012943373176899176
0.62,0.00012943373176899176
0.62,0.00012943373176899176
0.62,0.00012943373176899176
0.62,0.00012943373176899176
0.62,0.00012943373176899176
0.6,0.00012943373176899176
0.6,0.00012943373176899176
0.6,0.00012943373176899176
1.13,0.0001436022057698732
1.13,0.0001436022057698732
1.13,0.0001436022057698732
1.13,0.0001436022057698732
1.13,0.0001436022057698732
1.13,0.0001436022057698732
1.13,0.0001436022057698732
1.13,0.0001436022057698732
1.13,0.0001436022057698732
0.6,0.00014195509340859407
0.6,0.00014195509340859407
0.6,0.00014195509340859407
0.6,0.00014195509340859407
0.6,0.00014195509340859407
0.6,0.00014195509340859407
0.6,0.00014195509340859407
0.6,0.00014195509340859407
0.6,0.00014195509340859407
0.6,0.00014195509340859407
0.6,0.00014195509340859407
0.6,0.00014195509340859407
0.81,0.00014463889638087677
0.81,0.00014463889638087677
0.81,0.00014463889638087677
0.96,0.00014463889638087677
0.81,0.00014463889638087677
0.81,0.00014463889638087677
0.81,0.00014463889638087677
0.96,0.00014463889638087677
0.81,0.00014463889638087677
0.81,0.00014463889638087677
0.81,0.00014463889638087677
0.96,0.00014463889638087677
1.16,0.00020368382492077516
1.16,0.00020368382492077516
1.16,0.00020368382492077516
1.16,0.00020368382492077516
1.16,0.00020368382492077516
1.16,0.00020368382492077516
1.16,0.00020368382492077516
1.16,0.00020368382492077516
1.16,0.00020368382492077516
4.08,0.00022281805319299304
4.08,0.00022281805319299304
4.08,0.00022281805319299304
4.08,0.00022281805319299304
4.08,0.00022281805319299304
4.08,0.00022281805319299304
4.08,0.00022281805319299304
4.08,0.00022281805319299304
4.08,0.00022281805319299304
3.29,0.0001992826065504648
3.29,0.0001992826065504648
3.29,0.0001992826065504648
3.29,0.0001992826065504648
3.29,0.0001992826065504648
3.29,0.0001992826065504648
3.29,0.0001992826065504648
3.29,0.0001992826065504648
3.29,0.0001992826065504648
4.09,0.00021037940963097672
4.09,0.00021037940963097672
4.09,0.00021037940963097672
6.07,0.0002179476114731912
6.07,0.00021310171645448663
6.07,0.00021310171645448663
4.09,0.00021037940963097672
4.09,0.00021037940963097672
4.09,0.00021037940963097672
6.07,0.0002144735937731029
6.07,0.0002144735937731029
6.07,0.00021425733299482017
4.09,0.00021434312154127943
4.09,0.00021434312154127943
4.09,0.00021434312154127943
6.07,0.0002144735937731029
6.07,0.0002144735937731029
6.07,0.0002144735937731029
3.3,0.00021434312154127943
3.3,0.00021434312154127943
3.3,0.00021434312154127943
3.3,0.00021434312154127943
3.3,0.00021434312154127943
3.3,0.00021434312154127943
3.3,0.00021434312154127943
3.3,0.00021434312154127943
3.3,0.00021434312154127943
3.3,0.00021434312154127943
3.3,0.00021434312154127943
3.3,0.00021434312154127943
3.3,0.00021434312154127943
3.84,0.0002049265608165766
3.84,0.0002049265608165766
3.84,0.0002049265608165766
3.84,0.0002049265608165766
3.84,0.0002049265608165766
3.84,0.0002049265608165766
3.84,0.0001988344000557059
3.84,0.0001988344000557059
3.84,0.0001988344000557059
1.62,0.0002197487791236394
1.62,0.0002197487791236394
1.62,0.0002197487791236394
1.0,0.0002197487791236394
1.95,0.0002197487791236394
1.95,0.0002197487791236394
1.95,0.0002197487791236394
1.09,0.0002197487791236394
1.09,0.0002197487791236394
1.09,0.0002197487791236394
1.0,0.0002197487791236394
1.0,0.0002197487791236394
1.95,0.0002197487791236394
1.95,0.0002197487791236394
1.95,0.0002197487791236394
1.09,0.0002197487791236394
1.09,0.0002197487791236394
1.09,0.0002197487791236394
1.0,0.0002197487791236394
1.0,0.0002197487791236394
1.95,0.0002197487791236394
1.95,0.0002197487791236394
1.71,0.0002197487791236394
1.71,0.0002197487791236394
1.71,0.0002197487791236394
1.09,0.0002197487791236394
1.09,0.0002197487791236394
1.09,0.0002197487791236394
1.95,0.0002197487791236394
1.78,0.0002197487791236394
1.71,0.0002197487791236394
1.71,0.0002197487791236394
1.71,0.0002197487791236394
1.78,0.0002197487791236394
1.71,0.0002197487791236394
1.71,0.0002197487791236394
1.71,0.0002197487791236394
4.76,0.0002242095281753044
4.76,0.0002242095281753044
4.76,0.0002242095281753044
4.76,0.0002242095281753044
0.66,0.0002195355343944505
0.66,0.0002195355343944505
0.66,0.0002195355343944505
2.48,0.000210171599459438
2.48,0.000210171599459438
4.76,0.0002242095281753044
4.76,0.0002242095281753044
4.76,0.0002242095281753044
4.76,0.0002242095281753044
0.66,0.0002195355343944505
0.66,0.0002195355343944505
0.66,0.0002195355343944505
2.48,0.000210171599459438
2.48,0.000210171599459438
4.76,0.0002242095281753044
4.76,0.0002242095281753044
4.76,0.0002242095281753044
4.76,0.0002242095281753044
0.66,0.0002195355343944505
0.66,0.0002195355343944505
0.66,0.0002195355343944505
0.66,0.0002195355343944505
2.48,0.000210171599459438
2.48,0.000210171599459438
0.66,0.0002195355343944505
0.66,0.0002195355343944505
0.66,0.0002195355343944505
1.16,0.00022119375603840864
1.16,0.00022119375603840864
1.16,0.00022119375603840864
1.01,0.00022119375603840864
1.01,0.00022119375603840864
1.01,0.00022119375603840864
1.16,0.00022119375603840864
1.16,0.00022119375603840864
1.16,0.00022119375603840864
1.01,0.00022119375603840864
0.56,0.00022119375603840864
0.56,0.00022119375603840864
0.56,0.00022328192816791612
0.66,0.00022169270325556932
0.66,0.00022169270325556932
0.66,0.00022169270325556932
1.16,0.00022119375603840864
1.16,0.00022119375603840864
1.16,0.00022119375603840864
1.01,0.00022119375603840864
0.56,0.00022119375603840864
0.56,0.00022119375603840864
0.56,0.00022119375603840864
0.66,0.00022169270325556932
0.66,0.00022169270325556932
0.66,0.00022169270325556932
0.66,0.00022169270325556932
0.66,0.00022169270325556932
0.66,0.00022169270325556932
0.69,0.00021507785041921385
0.69,0.00021507785041921385
0.69,0.00021507785041921385
0.69,0.00021507785041921385
0.69,0.00021507785041921385
0.69,0.00021507785041921385
5.17,0.00020545218008655795
5.17,0.00020545218008655795
1.45,0.0002135458296295636
1.45,0.0002135458296295636
1.45,0.0002135458296295636
5.17,0.00020545218008655795
5.17,0.00020545218008655795
1.45,0.0002135458296295636
1.45,0.0002135458296295636
1.45,0.0002135458296295636
2.35,0.00022840767721961892
3.77,0.00022840767721961892
3.77,0.00022840767721961892
5.17,0.00020545218008655795
5.17,0.00020545218008655795
1.45,0.0002135458296295636
1.45,0.0002135458296295636
1.45,0.0002135458296295636
2.35,0.00022840767721961892
3.77,0.00022840767721961892
3.77,0.00022840767721961892
2.15,0.00022840767721961892
1.56,0.00022840767721961892
2.43,0.00020545218008655795
2.43,0.00020545218008655795
2.35,0.00022840767721961892
3.77,0.00022840767721961892
3.77,0.00022840767721961892
2.15,0.00022840767721961892
1.56,0.00022840767721961892
1.71,0.00022840767721961892
2.43,0.00020545218008655795
2.43,0.00020545218008655795
1.32,0.00021740010011040288
1.32,0.00021740010011040288
1.32,0.00021740010011040288
1.56,0.00022840767721961892
1.56,0.00022840767721961892
1.56,0.00022840767721961892
1.71,0.00022840767721961892
1.56,0.00022840767721961892
2.43,0.00020545218008655795
2.43,0.00020545218008655795
1.32,0.00021740010011040288
1.32,0.00021740010011040288
1.32,0.00021740010011040288
1.71,0.00022840767721961892
1.71,0.00022840767721961892
1.71,0.00022840767721961892
1.56,0.00022840767721961892
1.32,0.00021740010011040288
1.32,0.00021740010011040288
1.32,0.00021740010011040288
0.96,0.00021579688744114187
0.96,0.00021579688744114187
0.96,0.00021579688744114187
0.96,0.00021579688744114187
0.96,0.00021579688744114187
0.96,0.00021579688744114187
0.45,0.00022817587774150616
0.45,0.00022817587774150616
0.45,0.00022817587774150616
0.45,0.00022817587774150616
0.45,0.00022817587774150616
0.45,0.00022817587774150616
0.45,0.00022817587774150616
0.45,0.00022817587774150616
0.45,0.00022817587774150616
2.22,0.00020427926664423287
2.22,0.00020427926664423287
2.22,0.00020427926664423287
2.22,0.00020427926664423287
2.22,0.00020427926664423287
2.22,0.00020427926664423287
2.94,0.00020427926664423287
2.94,0.00020427926664423287
2.94,0.00020427926664423287
2.22,0.00020427926664423287
2.22,0.00020427926664423287
2.22,0.00020427926664423287
2.94,0.00020427926664423287
2.94,0.00020427926664423287
2.94,0.00020427926664423287
2.94,0.00020427926664423287
2.94,0.00020427926664423287
2.94,0.00020427926664423287
3.51,0.0001965015247765411
3.51,0.0001965015247765411
3.51,0.0001965015247765411
3.51,0.0001958386085057964
3.51,0.0001958386085057964
3.51,0.0001958386085057964
3.51,0.0001958386085057964
3.51,0.0001958386085057964
3.51,0.0001958386085057964
1.84,0.0002195401325206004
1.84,0.00021259328411410032
1.84,0.00021259328411410032
1.75,0.00020686129675974465
1.75,0.00020686129675974465
1.75,0.00020686129675974465
1.68,0.0002010924538405973
1.68,0.0002010924538405973
1.68,0.0002010924538405973
1.84,0.0002195401325206004
1.84,0.0002195401325206004
1.84,0.00021259328411410032
1.75,0.00020686129675974465
1.75,0.00020686129675974465
1.75,0.00020686129675974465
3.63,0.00020363704519298296
3.63,0.00020363704519298296
3.63,0.00020363704519298296
1.68,0.0002010924538405973
1.68,0.0002010924538405973
1.68,0.0002010924538405973
1.84,0.0002195401325206004
1.84,0.0002195401325206004
1.84,0.00021259328411410032
3.63,0.00020363704519298296
3.63,0.00020363704519298296
3.63,0.00020363704519298296
3.63,0.00020363704519298296
3.63,0.00020363704519298296
3.63,0.00020363704519298296
1.32,0.0002010924538405973
1.32,0.0002010924538405973
1.32,0.0002010924538405973
1.32,0.0002010924538405973
1.32,0.0002010924538405973
1.32,0.0002010924538405973
5.56,0.0001958386085057964
5.56,0.0001958386085057964
4.56,0.00021237346654947288
4.56,0.00021237346654947288
5.56,0.0001958386085057964
5.56,0.0001958386085057964
4.56,0.00021237346654947288
4.56,0.00021237346654947288
2.0,0.0002236618334837881
2.0,0.0002236618334837881
2.0,0.0002236618334837881
5.56,0.0001958386085057964
5.56,0.0001958386085057964
3.69,0.00021306042936440432
3.69,0.00021306042936440432
2.0,0.0002236618334837881
2.0,0.0002236618334837881
2.0,0.0002236618334837881
3.69,0.00021306042936440432
3.69,0.00021306042936440432
3.69,0.00021306042936440432
3.69,0.00021306042936440432
1.28,0.0001958386085057964
1.28,0.0001958386085057964
1.28,0.00020363704519298296
1.28,0.0001958386085057964
1.28,0.0001958386085057964
1.28,0.0001958386085057964
4.08,0.0002010924538405973
4.08,0.0002010924538405973
1.28,0.0001958386085057964
1.28,0.0001958386085057964
1.28,0.0001958386085057964
4.08,0.0002010924538405973
4.08,0.0002010924538405973
4.08,0.0002010924538405973
4.08,0.0002010924538405973
2.97,0.0002171223540964111
2.97,0.0002171223540964111
2.97,0.0002171223540964111
2.97,0.0002171223540964111
2.97,0.0002171223540964111
2.97,0.0002171223540964111
2.07,0.00020918826547609235
2.07,0.00020918826547609235
2.07,0.00021065935043989504
2.07,0.00020918826547609235
2.07,0.00020918826547609235
2.07,0.00020918826547609235
6.47,0.00021145971904955416
6.47,0.00021145971904955416
6.47,0.00021145971904955416
6.47,0.00021145971904955416
6.47,0.00021145971904955416
6.47,0.00021145971904955416
6.47,0.00021145971904955416
6.47,0.00021145971904955416
6.47,0.00021145971904955416
3.13,0.00020301603015418905
3.13,0.00020301603015418905
3.13,0.00020301603015418905
3.13,0.00020301603015418905
3.13,0.00020301603015418905
3.13,0.00020301603015418905
2.96,0.0002160922928882995
2.96,0.0002160922928882995
2.96,0.0002160922928882995
2.96,0.0002160922928882995
2.96,0.0002160922928882995
2.96,0.0002160922928882995
2.96,0.0002160922928882995
2.96,0.0002160922928882995
2.96,0.0002160922928882995
2.1,0.0002146164373677209
2.1,0.0002146164373677209
2.1,0.0002146164373677209
2.1,0.0002146164373677209
2.1,0.0002146164373677209
2.1,0.0002146164373677209
1.96,0.00021125364131542124
1.96,0.00021125364131542124
1.96,0.00021125364131542124
1.96,0.00021125364131542124
1.96,0.00021125364131542124
1.96,0.00021125364131542124
1.96,0.00021125364131542124
1.96,0.00021125364131542124
1.96,0.00021125364131542124
0.43,0.0002102039039494776
0.43,0.0002102039039494776
0.43,0.0002102039039494776
0.43,0.0002102039039494776
0.43,0.0002102039039494776
0.43,0.0002102039039494776
0.68,0.000210365949023152
0.68,0.000210365949023152
0.68,0.000210365949023152
0.68,0.000210365949023152
0.68,0.000210365949023152
0.68,0.000210365949023152
0.68,0.00022507285863910623
0.68,0.00022507285863910623
0.68,0.00022507285863910623
1.55,0.00022507285863910623
1.55,0.00022507285863910623
1.55,0.00022507285863910623
1.55,0.0002142353861925216
1.55,0.00022507285863910623
1.55,0.00022507285863910623
4.79,0.00019663756431074407
4.79,0.00019663756431074407
4.79,0.00019663756431074407
4.79,0.00019663756431074407
4.79,0.00019663756431074407
4.79,0.00019663756431074407
4.79,0.00019663756431074407
4.79,0.00019663756431074407
4.79,0.00019663756431074407
9.84,0.00015187329959252536
9.84,0.00015187329959252536
9.84,0.00015187329959252536
9.84,0.00015187329959252536
9.84,0.00015187329959252536
9.84,0.00015187329959252536
9.84,0.00015187329959252536
9.84,0.00015187329959252536
9.84,0.00015187329959252536
5.02,0.0001753382938635352
5.02,0.0001753382938635352
5.02,0.0001753382938635352
5.02,0.0001753382938635352
5.02,0.0001753382938635352
5.02,0.0001753382938635352
5.02,0.0001753382938635352
5.02,0.0001753382938635352
5.02,0.0001753382938635352
1.85,0.00018605851619405564
1.85,0.00018605851619405564
1.85,0.00018605851619405564
1.85,0.00018605851619405564
1.85,0.00018605851619405564
1.85,0.00018605851619405564
0.76,0.00018600666374223084
0.76,0.00018600666374223084
0.76,0.00018600666374223084
0.76,0.0001897655496260605
1.22,0.00018600666374223084
1.22,0.00018600666374223084
0.76,0.0001897655496260605
1.22,0.00018600666374223084
1.22,0.00018600666374223084
1.22,0.0001897655496260605
1.22,0.00018600666374223084
1.69,0.00020424125212644735
1.69,0.00020424125212644735
1.69,0.00020932105858375484
1.69,0.00020932105858375484
1.69,0.00020932105858375484
1.69,0.00020932105858375484
7.9,0.00019782347682682764
7.9,0.00019782347682682764
7.9,0.00019782347682682764
7.9,0.00019782347682682764
7.9,0.00019782347682682764
7.9,0.00019782347682682764
7.9,0.00019782347682682764
7.9,0.00019782347682682764
7.9,0.00019782347682682764
0.53,0.0002158466296460281
0.53,0.0002158466296460281
0.53,0.0002158466296460281
0.53,0.0002158466296460281
0.53,0.0002158466296460281
0.53,0.0002158466296460281
3.03,0.00019576629911126887
3.03,0.00019576629911126887
3.03,0.00019576629911126887
3.03,0.00019576629911126887
2.84,0.00019576629911126887
3.03,0.00019576629911126887
3.03,0.00019576629911126887
2.84,0.00019576629911126887
4.04,0.0001958174848275062
4.04,0.0001958174848275062
4.04,0.0001958174848275062
2.84,0.00019622506960898905
2.84,0.00019622506960898905
4.04,0.00019118962523822936
4.04,0.00019118962523822936
4.04,0.00019118962523822936
4.04,0.00019118962523822936
4.04,0.00019118962523822936
4.04,0.00019118962523822936
1.16,0.00020383782102259025
1.16,0.00020383782102259025
1.16,0.00020383782102259025
1.16,0.00020383782102259025
1.16,0.00020383782102259025
1.16,0.00020383782102259025
8.54,0.00020383782102259025
8.54,0.00020383782102259025
8.54,0.00020383782102259025
5.5,0.00020383782102259025
1.16,0.00020383782102259025
1.16,0.00020383782102259025
3.92,0.00020383782102259025
8.54,0.00020383782102259025
8.54,0.00020383782102259025
8.54,0.00020383782102259025
5.5,0.00020383782102259025
3.92,0.00020383782102259025
8.54,0.00020383782102259025
8.54,0.00020383782102259025
8.54,0.00020383782102259025
5.5,0.00020383782102259025
3.92,0.00020383782102259025
3.92,0.00020383782102259025
5.51,0.00020383782102259025
5.51,0.00020383782102259025
5.51,0.00020383782102259025
3.92,0.00020383782102259025
3.92,0.00020383782102259025
2.51,0.00015252820906277347
4.07,0.00015252820906277347
4.07,0.0001614255201698943
4.07,0.0001614255201698943
2.51,0.00015252820906277347
4.07,0.00015252820906277347
4.07,0.0001614255201698943
4.07,0.0001614255201698943
2.51,0.00015252820906277347
4.07,0.00015252820906277347
4.07,0.00015252820906277347
4.07,0.0001614255201698943
4.07,0.00015252820906277347
4.07,0.00015252820906277347
4.07,0.0001614255201698943
2.3,0.00020121500263103792
2.3,0.00020121500263103792
2.3,0.00020121500263103792
2.3,0.00020121500263103792
2.3,0.00020121500263103792
2.3,0.00020121500263103792
2.3,0.00020121500263103792
2.3,0.00020121500263103792
2.3,0.00020121500263103792
0.56,0.00022000650391689445
0.56,0.00022000650391689445
0.56,0.00022000650391689445
0.56,0.00022000650391689445
0.56,0.00022000650391689445
0.56,0.00022000650391689445
0.27,0.00018503000688123363
0.27,0.00018503000688123363
0.27,0.00018503000688123363
0.27,0.00018503000688123363
0.27,0.00018503000688123363
0.27,0.00018503000688123363
0.65,0.00018309209830578784
0.65,0.00018309209830578784
0.65,0.00018309209830578784
0.65,0.00018309209830578784
0.65,0.00018309209830578784
0.65,0.00018309209830578784
0.58,0.00018309465610218072
0.58,0.00018309465610218072
0.58,0.00018309465610218072
0.58,0.00018309465610218072
0.58,0.00018309465610218072
0.58,0.00018309465610218072
0.58,0.00018309465610218072
0.58,0.00018309465610218072
0.58,0.00018309465610218072
0.6,0.00017565780540815888
0.6,0.00017565780540815888
0.6,0.00017565780540815888
0.6,0.00017565780540815888
0.6,0.00017565780540815888
0.6,0.00017565780540815888
0.6,0.00017565780540815888
0.6,0.00017565780540815888
0.6,0.00017565780540815888
1.58,0.00017906929020891627
1.58,0.00017906929020891627
1.58,0.00017906929020891627
1.05,0.00017906929020891627
1.58,0.00017906929020891627
1.58,0.00017906929020891627
1.58,0.00017906929020891627
1.05,0.00017906929020891627
1.58,0.00017906929020891627
1.58,0.00017906929020891627
1.58,0.00017906929020891627
1.05,0.00017906929020891627
0.78,0.00017703283117206987
0.78,0.00017703283117206987
0.78,0.00017703283117206987
0.78,0.00017703283117206987
0.78,0.00017703283117206987
0.78,0.00017703283117206987
0.78,0.00017703283117206987
0.78,0.00017703283117206987
0.78,0.00017703283117206987
0.88,0.00017180754896015105
0.88,0.00017180754896015105
0.88,0.00017180754896015105
0.74,0.00017703283117206987
0.74,0.00017703283117206987
0.74,0.00017703283117206987
0.88,0.00017059889264542583
0.88,0.00017059889264542583
0.88,0.00017059889264542583
0.74,0.0001755671912026743
0.74,0.0001755671912026743
3.99,0.0001755671912026743
3.99,0.0001755671912026743
3.99,0.0001755671912026743
0.74,0.0001755671912026743
0.74,0.0001755671912026743
3.99,0.0001755671912026743
3.99,0.0001755671912026743
3.99,0.0001755671912026743
0.74,0.0001755671912026743
0.74,0.0001755671912026743
1.82,0.0001755671912026743
1.82,0.0001755671912026743
3.8,0.00017427704004630522
3.8,0.00017427704004630522
3.8,0.00017427704004630522
1.96,0.00017427704004630522
3.8,0.00017427704004630522
3.8,0.00017427704004630522
3.8,0.00017427704004630522
1.96,0.00017427704004630522
3.13,0.0001755671912026743
3.13,0.0001755671912026743
3.13,0.0001755671912026743
4.21,0.0001755671912026743
4.21,0.0001755671912026743
4.21,0.0001755671912026743
2.7,0.00017427704004630522
2.7,0.00017427704004630522
2.7,0.00017427704004630522
4.21,0.0001755671912026743
4.21,0.0001755671912026743
4.21,0.0001755671912026743
2.7,0.00017427704004630522
2.7,0.00017427704004630522
2.7,0.00017427704004630522
2.7,0.00017427704004630522
2.7,0.00017427704004630522
2.7,0.00017427704004630522
0.54,0.00017429392159852726
0.54,0.00017429392159852726
0.54,0.00017429392159852726
0.54,0.00017429392159852726
0.54,0.00017429392159852726
0.54,0.00017429392159852726
0.54,0.00017429392159852726
0.54,0.00017429392159852726
0.54,0.00017429392159852726
0.69,0.00017438680121184254
0.69,0.00017438680121184254
0.69,0.00017438680121184254
0.69,0.00017438680121184254
0.69,0.00017438680121184254
0.69,0.00017438680121184254
0.69,0.00017438680121184254
0.69,0.00017438680121184254
0.69,0.00017438680121184254
0.65,0.000163613724186636
0.65,0.000163613724186636
0.65,0.000163613724186636
0.65,0.000163613724186636
0.65,0.000163613724186636
0.65,0.000163613724186636
5.27,0.0001859275261439773
5.27,0.0001859275261439773
5.27,0.0001859275261439773
2.15,0.0001859275261439773
5.27,0.0001859275261439773
5.27,0.0001859275261439773
5.27,0.0001859275261439773
2.15,0.0001859275261439773
5.27,0.0001859275261439773
5.27,0.0001859275261439773
5.27,0.0001859275261439773
2.15,0.0001859275261439773
2.15,0.0001859275261439773
2.15,0.0001859275261439773
3.83,0.0001688837510943487
3.83,0.0001688837510943487
3.83,0.0001688837510943487
3.83,0.0001688837510943487
3.83,0.0001688837510943487
3.83,0.0001688837510943487
2.74,0.00014221138251623106
2.74,0.00014221138251623106
2.74,0.00014221138251623106
2.74,0.00014221138251623106
2.74,0.00014221138251623106
2.74,0.00014221138251623106
2.74,0.00014221138251623106
2.74,0.00014221138251623106
2.74,0.00014221138251623106
2.74,0.00014221138251623106
2.74,0.00014221138251623106
2.74,0.00014221138251623106
4.26,0.0001979791753765387
4.26,0.0001979791753765387
4.26,0.0001979791753765387
4.26,0.0001979791753765387
4.26,0.0001979791753765387
4.26,0.0001979791753765387
4.26,0.0001979791753765387
4.26,0.0001979791753765387
4.26,0.0001979791753765387
3.64,0.00020238989409867303
3.64,0.00020238989409867303
3.64,0.00020238989409867303
3.64,0.00020238989409867303
3.64,0.00020238989409867303
3.64,0.00020238989409867303
4.96,0.0001759595437204471
4.96,0.0001759595437204471
4.96,0.0001759595437204471
4.96,0.0001759595437204471
4.96,0.0001759595437204471
4.96,0.0001759595437204471
4.96,0.0001759595437204471
4.96,0.0001759595437204471
4.96,0.0001759595437204471
2.54,0.00020455886125521656
2.54,0.00020455886125521656
2.54,0.00020455886125521656
2.54,0.00020455886125521656
2.54,0.00020455886125521656
2.54,0.00020455886125521656
2.54,0.00020455886125521656
2.54,0.00020455886125521656
2.54,0.00020455886125521656
1.05,0.000215227524394619
1.05,0.000215227524394619
1.05,0.000215227524394619
1.05,0.000215227524394619
1.05,0.000215227524394619
1.05,0.000215227524394619
1.05,0.000215227524394619
1.05,0.000215227524394619
1.05,0.000215227524394619
2.91,0.00020531714318810685
2.91,0.00020531714318810685
2.91,0.00020531714318810685
2.91,0.00020531714318810685
2.91,0.00020531714318810685
2.91,0.00020531714318810685
2.91,0.00020531714318810685
2.91,0.00020531714318810685
2.91,0.00020531714318810685
5.48,0.0002070189246069974
5.48,0.0002070189246069974
5.48,0.0002070189246069974
5.48,0.0002070189246069974
5.48,0.0002070189246069974
5.48,0.0002070189246069974
1.9,0.00021673352674464108
1.9,0.00021673352674464108
1.9,0.00021673352674464108
1.9,0.00021673352674464108
1.9,0.00021673352674464108
1.9,0.00021673352674464108
3.43,0.00020762406664589703
3.43,0.00020762406664589703
3.43,0.00020762406664589703
3.43,0.00020762406664589703
3.43,0.00020762406664589703
3.43,0.00020762406664589703
9.0,0.0002123261660556277
9.0,0.0002123261660556277
9.0,0.0002123261660556277
9.0,0.0002123261660556277
9.0,0.0002123261660556277
9.0,0.0002123261660556277
9.0,0.0002123261660556277
9.0,0.0002123261660556277
9.0,0.0002123261660556277
1.91,0.0001934510527292581
1.91,0.0001934510527292581
1.91,0.0001934510527292581
1.91,0.0001934510527292581
1.91,0.0001934510527292581
1.91,0.0001934510527292581
10.35,0.0001994136770203013
10.35,0.0001994136770203013
10.35,0.0001994136770203013
1.91,0.0001934510527292581
1.91,0.0001934510527292581
1.91,0.0001934510527292581
2.29,0.00020348177330287867
2.29,0.00020348177330287867
2.29,0.00020348177330287867
10.35,0.0001994136770203013
10.35,0.0001994136770203013
10.35,0.0001994136770203013
2.29,0.00020348177330287867
2.29,0.00020348177330287867
2.29,0.00020348177330287867
2.29,0.00020348177330287867
2.29,0.00020348177330287867
2.29,0.00020348177330287867
3.3,0.0002123261660556277
3.3,0.0002123261660556277
3.3,0.0002123261660556277
3.3,0.0002123261660556277
3.3,0.0002123261660556277
3.3,0.0002123261660556277
1.55,0.00022626038273500495
1.55,0.00022626038273500495
1.55,0.00022626038273500495
1.55,0.00022626038273500495
1.55,0.00022626038273500495
1.55,0.00022626038273500495
1.97,0.00020145900537463143
1.97,0.00020145900537463143
1.97,0.00020461639000179848
1.97,0.00020145900537463143
1.97,0.00020145900537463143
1.97,0.00020461639000179848
1.97,0.00020145900537463143
1.97,0.00020145900537463143
1.97,0.00020145900537463143
7.69,0.00020013121684475083
7.69,0.00020013121684475083
7.69,0.00020013121684475083
7.69,0.00020013121684475083
3.27,0.0002043675314571983
3.27,0.0002043675314571983
3.27,0.0002043675314571983
3.27,0.0002043675314571983
3.27,0.0002043675314571983
3.27,0.0002043675314571983
3.27,0.0002043675314571983
3.27,0.0002043675314571983
3.27,0.0002043675314571983
1.12,0.00022190127119419765
1.12,0.00022190127119419765
1.12,0.00022190127119419765
1.12,0.00022190127119419765
1.12,0.00022190127119419765
1.12,0.00022190127119419765
5.02,0.0002047688634523541
5.02,0.0002047688634523541
5.02,0.0002047688634523541
5.02,0.0002047688634523541
5.02,0.0002047688634523541
5.02,0.0002047688634523541
2.65,0.0002258533164893797
2.65,0.0002258533164893797
2.65,0.0002258533164893797
2.65,0.0002258533164893797
2.65,0.0002258533164893797
2.65,0.0002258533164893797
0.5,0.0001972441277989631
0.5,0.0001972441277989631
1.15,0.0001972441277989631
1.15,0.0001972441277989631
0.5,0.0001972441277989631
0.5,0.0001972441277989631
1.15,0.0001972441277989631
1.15,0.0001972441277989631
0.5,0.0001972441277989631
0.5,0.0001972441277989631
2.64,0.0001972441277989631
2.64,0.0001972441277989631
2.64,0.0002079376225295731
2.64,0.0001972441277989631
2.64,0.0001972441277989631
2.64,0.0001972441277989631
2.04,0.0001972441277989631
2.04,0.0001972441277989631
2.04,0.0001972441277989631
1.27,0.00019079992097664408
1.27,0.00019079992097664408
1.27,0.00019079992097664408
1.27,0.00019079992097664408
1.27,0.00019079992097664408
1.27,0.00019079992097664408
3.04,0.00022054093524717823
3.04,0.00022054093524717823
3.04,0.00022054093524717823
3.04,0.00022054093524717823
3.04,0.00022054093524717823
3.04,0.00022054093524717823
3.04,0.00022054093524717823
3.04,0.00022054093524717823
3.04,0.00022054093524717823
1.88,0.0002311573436488848
1.88,0.0002311573436488848
1.88,0.0002311573436488848
3.71,0.00022859561742802977
3.71,0.00022859561742802977
1.88,0.0002311573436488848
1.88,0.0002311573436488848
1.88,0.0002311573436488848
3.71,0.00022859561742802977
3.71,0.00022859561742802977
1.88,0.0002311573436488848
1.88,0.0002311573436488848
1.88,0.0002311573436488848
3.71,0.00022859561742802977
3.71,0.00022859561742802977
7.54,0.0002094355071330529
7.54,0.0002094355071330529
7.54,0.0002094355071330529
7.54,0.00020745807443209007
7.54,0.00020745807443209007
7.54,0.00020745807443209007
7.54,0.00020745807443209007
7.54,0.00020745807443209007
7.54,0.00020745807443209007
5.14,0.0002253243373148225
5.14,0.0002253243373148225
5.14,0.0002253243373148225
5.14,0.0002253243373148225
5.14,0.0002253243373148225
5.14,0.0002253243373148225
5.14,0.0002253243373148225
5.14,0.0002253243373148225
5.14,0.0002253243373148225
9.28,0.00022065927218590107
9.28,0.00022065927218590107
9.28,0.00022065927218590107
9.28,0.00022065927218590107
9.28,0.00022065927218590107
9.28,0.00022065927218590107
4.42,0.00017875270763152864
4.42,0.00017875270763152864
4.42,0.00017875270763152864
4.42,0.00017875270763152864
4.42,0.00017875270763152864
4.42,0.00017875270763152864
3.87,0.00019833247138683412
3.87,0.00019833247138683412
3.87,0.00019833247138683412
3.87,0.00019833247138683412
3.87,0.00019833247138683412
3.87,0.00019833247138683412
2.2,0.0002213087204462452
2.2,0.0002213087204462452
2.2,0.0002213087204462452
3.87,0.00019833247138683412
3.87,0.00019833247138683412
3.87,0.00019833247138683412
2.2,0.0002213087204462452
2.2,0.0002213087204462452
2.2,0.0002213087204462452
2.2,0.0002213087204462452
2.2,0.0002213087204462452
2.2,0.0002213087204462452
2.04,0.0002213087204462452
2.04,0.0002213087204462452
2.04,0.0002213087204462452
2.04,0.0002213087204462452
2.04,0.0002213087204462452
2.04,0.0002213087204462452
2.04,0.0002213087204462452
2.04,0.0002213087204462452
2.04,0.0002213087204462452
2.25,0.00021852422549472255
2.25,0.00021852422549472255
2.25,0.00021852422549472255
2.25,0.00021852422549472255
2.25,0.00021852422549472255
2.25,0.00021852422549472255
2.25,0.00021871071022295664
2.25,0.00021871071022295664
2.25,0.00021871071022295664
3.51,0.00022108204935106568
3.51,0.00022108204935106568
3.51,0.00022108204935106568
3.51,0.00022108204935106568
3.51,0.00022108204935106568
3.51,0.00022108204935106568
1.83,0.00023005690098942773
1.83,0.00023005690098942773
1.83,0.00023005690098942773
1.83,0.00023005690098942773
1.83,0.00023005690098942773
1.83,0.00023005690098942773
1.83,0.00023005690098942773
1.83,0.00023005690098942773
1.83,0.00023005690098942773
0.87,0.00019900625971034435
0.87,0.00019900625971034435
0.87,0.00019900625971034435
0.87,0.00019900625971034435
0.87,0.00019900625971034435
0.87,0.00019900625971034435
0.87,0.00019900625971034435
0.87,0.00019900625971034435
0.87,0.00019900625971034435
3.22,0.00020584511274443287
3.22,0.00020584511274443287
3.22,0.00020584511274443287
3.22,0.00020584511274443287
3.22,0.00020584511274443287
3.22,0.00020584511274443287
4.57,0.0002216856348658437
4.57,0.0002216856348658437
4.57,0.0002216856348658437
4.57,0.0002216856348658437
4.57,0.0002216856348658437
4.57,0.0002216856348658437
4.57,0.0002216856348658437
4.57,0.0002216856348658437
4.57,0.0002216856348658437
8.4,0.00018019227474599004
8.4,0.00018019227474599004
8.4,0.00018019227474599004
8.4,0.00018019227474599004
8.4,0.00018019227474599004
8.4,0.00018019227474599004
0.93,0.00021105360802285125
0.93,0.00021105360802285125
0.93,0.00021105360802285125
0.93,0.00021105360802285125
0.93,0.00021105360802285125
0.93,0.00021105360802285125
0.93,0.00021105360802285125
0.93,0.00021105360802285125
0.93,0.00021105360802285125
4.25,0.00022096739124243103
4.25,0.00022096739124243103
4.25,0.00022096739124243103
4.25,0.00022096739124243103
4.25,0.00022096739124243103
4.25,0.00022096739124243103
4.25,0.00022096739124243103
4.25,0.00022096739124243103
4.25,0.00022096739124243103
0.67,0.0002132199533498717
0.67,0.0002132199533498717
0.67,0.0002132199533498717
0.67,0.0002132199533498717
0.67,0.0002132199533498717
0.67,0.0002132199533498717
1.64,0.0002184938862575193
1.64,0.0002184938862575193
1.64,0.0002184938862575193
1.64,0.0002184938862575193
1.64,0.0002184938862575193
1.64,0.0002184938862575193
3.54,0.0002155469155872558
3.54,0.0002155469155872558
3.54,0.0002155469155872558
3.54,0.0002155469155872558
3.54,0.0002155469155872558
3.54,0.0002155469155872558
3.54,0.0002155469155872558
3.54,0.0002155469155872558
3.54,0.0002155469155872558
0.71,0.0002174860566468012
0.71,0.0002174860566468012
0.71,0.0002174860566468012
0.71,0.0002174860566468012
0.71,0.0002174860566468012
0.71,0.0002174860566468012
1.29,0.00020793893745717625
1.29,0.00020793893745717625
1.29,0.00020793893745717625
1.29,0.00020793893745717625
1.29,0.00020793893745717625
1.29,0.00020793893745717625
4.9,0.00019656755463389372
4.9,0.00019656755463389372
4.9,0.00019656755463389372
4.9,0.00019656755463389372
5.07,0.00019656755463389372
5.07,0.00019656755463389372
5.07,0.00019656755463389372
4.9,0.00019656755463389372
5.07,0.00019729511884154877
5.07,0.00019656755463389372
5.07,0.00019656755463389372
4.9,0.00019656755463389372
2.0,0.00018489111227052465
2.0,0.00018489111227052465
2.0,0.00018489111227052465
2.0,0.00018489111227052465
2.0,0.00018489111227052465
2.0,0.00018489111227052465
2.0,0.00017997217067197016
2.0,0.00017997217067197016
2.0,0.00017997217067197016
2.0,0.00017997217067197016
2.0,0.00017997217067197016
2.0,0.00017997217067197016
2.0,0.00017997217067197016
2.0,0.00017997217067197016
2.0,0.00017997217067197016
1.94,0.00021845247490915985
1.94,0.00021845247490915985
1.94,0.00021845247490915985
1.94,0.00021845247490915985
1.94,0.00021845247490915985
1.94,0.00021845247490915985
1.14,0.000216484845983606
1.84,0.000216484845983606
1.84,0.000216484845983606
1.84,0.000216484845983606
3.64,0.000216484845983606
3.64,0.000216484845983606
3.64,0.000216484845983606
6.55,0.000216484845983606
6.55,0.000216484845983606
6.55,0.000216484845983606
3.64,0.000216484845983606
3.64,0.000216484845983606
3.64,0.000216484845983606
6.55,0.000216484845983606
6.55,0.000216484845983606
6.55,0.000216484845983606
3.64,0.000216484845983606
3.64,0.000216484845983606
3.64,0.000216484845983606
3.99,0.000216484845983606
3.72,0.000216484845983606
3.72,0.000216484845983606
3.72,0.000216484845983606
0.77,0.0002227004959628017
0.77,0.0002227004959628017
0.55,0.0002234572957240431
0.55,0.0002234572957240431
0.55,0.0002234572957240431
0.77,0.0002227004959628017
0.77,0.0002227004959628017
0.77,0.0002227004959628017
0.55,0.0002234572957240431
0.55,0.0002234572957240431
0.55,0.0002234572957240431
1.02,0.0002227004959628017
4.15,0.0002227004959628017
4.15,0.0002227004959628017
0.8,0.0002227004959628017
0.77,0.0002227004959628017
0.77,0.0002227004959628017
0.77,0.0002227004959628017
0.34,0.0002171192482487081
0.34,0.0002171192482487081
0.34,0.0002171192482487081
1.02,0.0002227004959628017
4.15,0.0002227004959628017
4.15,0.0002227004959628017
0.8,0.0002227004959628017
0.34,0.0002171192482487081
0.34,0.0002171192482487081
0.34,0.0002171192482487081
1.02,0.0002227004959628017
4.15,0.0002227004959628017
4.15,0.0002227004959628017
0.8,0.0002227004959628017
0.34,0.0002171192482487081
0.34,0.0002171192482487081
0.34,0.0002171192482487081
1.22,0.0002234572957240431
1.37,0.0002234572957240431
1.37,0.0002234572957240431
0.8,0.0002227004959628017
0.8,0.0002227004959628017
0.8,0.0002227004959628017
1.49,0.0002234572957240431
1.37,0.0002234572957240431
1.37,0.0002234572957240431
0.52,0.0002082615353210184
0.52,0.0002082615353210184
0.52,0.0002082615353210184
1.49,0.0002234572957240431
1.49,0.0002234572957240431
1.49,0.0002234572957240431
0.52,0.0002082615353210184
0.52,0.0002082615353210184
0.52,0.0002082615353210184
1.49,0.0002234572957240431
1.49,0.0002234572957240431
1.49,0.0002234572957240431
2.4,0.0002171192482487081
2.4,0.0002171192482487081
2.4,0.0002171192482487081
2.4,0.0002171192482487081
2.4,0.0002171192482487081
2.4,0.0002171192482487081
1.37,0.0002193214880892006
1.37,0.0002193214880892006
1.37,0.0002193214880892006
2.86,0.00020414260073437705
2.86,0.00020414260073437705
2.86,0.00020414260073437705
1.37,0.0002193214880892006
1.37,0.0002193214880892006
1.37,0.0002193214880892006
2.86,0.0002063641111490256
2.86,0.00020414260073437705
2.86,0.00020414260073437705
1.86,0.0002193214880892006
1.86,0.0002193214880892006
1.86,0.0002193214880892006
1.86,0.0002193214880892006
1.86,0.0002193214880892006
1.86,0.0002193214880892006
1.07,0.00021557834153037157
1.07,0.00021557834153037157
1.07,0.00021557834153037157
1.86,0.0002193214880892006
1.86,0.0002193214880892006
1.86,0.0002193214880892006
1.07,0.00021557834153037157
1.07,0.00021557834153037157
1.07,0.00021557834153037157
1.07,0.00021557834153037157
1.07,0.00021557834153037157
1.07,0.00021557834153037157
0.62,0.00021557834153037157
0.62,0.00021557834153037157
1.62,0.00021557834153037157
1.62,0.00021557834153037157
1.62,0.00021557834153037157
0.46,0.00020157128663926451
0.46,0.00020157128663926451
0.62,0.00021557834153037157
0.62,0.00021557834153037157
0.46,0.00020157128663926451
0.46,0.00020157128663926451
3.19,0.00023664529063039156
3.19,0.00023664529063039156
3.19,0.00023664529063039156
3.19,0.00022361036156718443
3.19,0.00023664529063039156
3.19,0.00023664529063039156
0.64,0.00019445721808032597
0.64,0.00019445721808032597
0.64,0.00019445721808032597
0.64,0.00019445721808032597
1.8,0.00020985845348317484
1.8,0.00020985845348317484
2.2,0.00020985845348317484
2.2,0.00020985845348317484
2.2,0.00020985845348317484
2.82,0.00020991881217313852
2.82,0.00020991881217313852
1.8,0.00020985845348317484
1.8,0.00020985845348317484
2.2,0.00020985845348317484
2.2,0.00020985845348317484
2.2,0.00020985845348317484
2.82,0.00020991881217313852
2.82,0.00020991881217313852
2.2,0.00020985845348317484
2.2,0.00020985845348317484
2.2,0.00020985845348317484
2.82,0.00020991881217313852
2.82,0.00020991881217313852
4.41,0.00020991881217313852
4.41,0.00020991881217313852
1.75,0.0002180267874603369
1.75,0.0002180267874603369
1.75,0.0002180267874603369
4.41,0.00020991881217313852
4.41,0.00020991881217313852
1.75,0.0002180267874603369
1.75,0.0002180267874603369
1.75,0.0002180267874603369
4.41,0.00020991881217313852
4.41,0.00020991881217313852
2.48,0.00020306784826127912
2.48,0.00020306784826127912
1.75,0.00021799058963186183
1.75,0.0002180267874603369
1.75,0.0002180267874603369
2.48,0.00020306784826127912
2.48,0.00020306784826127912
0.54,0.00019841414547005763
0.54,0.00019841414547005763
0.54,0.00019841414547005763
2.96,0.00020306784826127912
2.96,0.00020306784826127912
2.96,0.00020306784826127912
2.96,0.00020306784826127912
0.54,0.00019841414547005763
0.54,0.00019841414547005763
0.54,0.00019841414547005763
2.96,0.00020306784826127912
2.96,0.00020306784826127912
2.96,0.00020306784826127912
2.96,0.00020306784826127912
2.96,0.00020306784826127912
2.96,0.00020306784826127912
2.96,0.00020306784826127912
2.96,0.00020306784826127912
3.72,0.00022496515734406092
3.72,0.00022496515734406092
3.72,0.00022496515734406092
3.72,0.00022496515734406092
3.72,0.00022496515734406092
3.72,0.00022496515734406092
0.58,0.0002158850826369187
0.58,0.0002158850826369187
0.58,0.0002158850826369187
2.01,0.00022496515734406092
2.01,0.00022496515734406092
0.58,0.0002158850826369187
0.58,0.0002158850826369187
0.58,0.0002158850826369187
0.72,0.00022365971853085737
0.72,0.00022365971853085737
0.72,0.00022365971853085737
2.01,0.00022496515734406092
2.01,0.00022496515734406092
2.01,0.00022496515734406092
0.58,0.0002158850826369187
0.58,0.0002158850826369187
0.58,0.0002158850826369187
0.72,0.00022365971853085737
0.72,0.00022365971853085737
0.72,0.00022365971853085737
0.72,0.00022365971853085737
2.01,0.00022496515734406092
2.01,0.00022496515734406092
2.01,0.00022496515734406092
3.69,0.00020785938053966428
3.69,0.00020785938053966428
3.69,0.00020785938053966428
0.72,0.00022365971853085737
0.72,0.00022365971853085737
0.72,0.00022365971853085737
0.72,0.00022365971853085737
2.01,0.00022496515734406092
2.01,0.00022496515734406092
2.01,0.00022496515734406092
0.4,0.00021026889530105996
0.4,0.00021026889530105996
0.4,0.00021026889530105996
3.69,0.0002087158241211024
3.69,0.0002087158241211024
3.69,0.0002087158241211024
0.4,0.00022075182050930009
0.4,0.00022075182050930009
0.4,0.00022075182050930009
3.69,0.0002087158241211024
3.69,0.0002087158241211024
3.69,0.0002087158241211024
3.59,0.00023536398772561564
3.59,0.00023536398772561564
2.23,0.0002092283685299584
2.23,0.0002092283685299584
2.23,0.0002092283685299584
3.59,0.00023536398772561564
3.59,0.00023536398772561564
2.23,0.0002092283685299584
2.23,0.0002092283685299584
2.23,0.0002092283685299584
0.55,0.00021832296960663924
0.55,0.00021832296960663924
0.55,0.00021832296960663924
2.23,0.0002092283685299584
2.23,0.0002092283685299584
0.55,0.00021832296960663924
0.55,0.00021832296960663924
0.55,0.00021832296960663924
2.56,0.00023969511725602884
2.56,0.00023969511725602884
2.39,0.00021856722068064772
2.39,0.00021856722068064772
2.56,0.00023969511725602884
2.56,0.00023969511725602884
2.39,0.00021856722068064772
2.39,0.00021856722068064772
2.27,0.00022135773272055257
2.27,0.00022135773272055257
3.51,0.0002092283685299584
3.51,0.0002092283685299584
3.51,0.0002092283685299584
1.51,0.00022891312762333895
1.51,0.00022891312762333895
1.51,0.00022891312762333895
2.86,0.00022843581308441008
2.86,0.00022843581308441008
2.86,0.00022843581308441008
5.2,0.00022843581308441008
5.2,0.00022843581308441008
2.27,0.00022135773272055257
2.27,0.00022135773272055257
1.0,0.00022752039539918192
1.0,0.00022752039539918192
1.0,0.00022752039539918192
3.51,0.0002092283685299584
3.51,0.0002092283685299584
3.51,0.0002092283685299584
1.96,0.0002092283685299584
1.51,0.00022891312762333895
1.51,0.00022891312762333895
1.51,0.00022891312762333895
2.86,0.00022843581308441008
2.86,0.00022843581308441008
2.86,0.00022843581308441008
5.2,0.00022843581308441008
5.2,0.00022843581308441008
1.84,0.00022843581308441008
2.27,0.00022135773272055257
2.27,0.00022135773272055257
1.0,0.00022752039539918192
1.0,0.00022752039539918192
1.0,0.00022752039539918192
2.49,0.00023656512484195968
2.49,0.0002254038898410712
1.96,0.0002092283685299584
1.96,0.0002092283685299584
1.96,0.0002092283685299584
3.36,0.0002186817019885456
3.36,0.0002186817019885456
3.03,0.00021608863898137573
3.03,0.00021608863898137573
3.03,0.00021608863898137573
5.2,0.00022843581308441008
5.2,0.00022843581308441008
1.84,0.00022843581308441008
3.1,0.00023969511725602884
3.1,0.00023969511725602884
3.1,0.00021551591434377956
2.49,0.00023656512484195968
2.49,0.0002254038898410712
3.35,0.0002186817019885456
3.35,0.0002186817019885456
3.35,0.0002186817019885456
3.35,0.0002186817019885456
4.37,0.00021608863898137573
4.37,0.00021608863898137573
3.03,0.00021608863898137573
6.31,0.00021608863898137573
6.31,0.00021608863898137573
6.31,0.00021608863898137573
3.12,0.00021608863898137573
3.12,0.00022891312762333895
3.12,0.00022891312762333895
1.84,0.00022843581308441008
1.84,0.00022843581308441008
1.84,0.00022843581308441008
3.1,0.00023969511725602884
3.1,0.00023969511725602884
3.1,0.00023969511725602884
3.1,0.00021551591434377956
3.56,0.00021551591434377956
3.56,0.00021551591434377956
2.49,0.00023656512484195968
2.49,0.00023656512484195968
3.35,0.0002186817019885456
3.35,0.0002186817019885456
3.35,0.0002186817019885456
3.35,0.0002186817019885456
2.71,0.0002186817019885456
2.71,0.0002186817019885456
2.71,0.0002186817019885456
4.37,0.00021608863898137573
4.37,0.00021608863898137573
6.31,0.00021608863898137573
6.31,0.00021608863898137573
6.31,0.00021608863898137573
3.12,0.00021608863898137573
3.12,0.00021608863898137573
3.12,0.00022891312762333895
3.1,0.00023969511725602884
3.1,0.00023969511725602884
3.1,0.00021551591434377956
3.56,0.00021551591434377956
3.56,0.00021551591434377956
2.71,0.0002186817019885456
2.71,0.0002186817019885456
2.71,0.0002186817019885456
4.37,0.00021608863898137573
4.37,0.00021608863898137573
1.72,0.00022843581308441008
1.72,0.00022843581308441008
1.72,0.00022843581308441008
3.56,0.00021551591434377956
3.56,0.00021551591434377956
2.71,0.0002186817019885456
2.71,0.0002186817019885456
2.71,0.0002186817019885456
4.34,0.00022891312762333895
4.34,0.00022891312762333895
1.72,0.00022843581308441008
1.72,0.00022843581308441008
1.72,0.00022843581308441008
2.47,0.00021551591434377956
2.47,0.00021551591434377956
6.8,0.0002351053600634921
6.8,0.0002351053600634921
10.74,0.0002351053600634921
1.26,0.0002351053600634921
3.11,0.0002092283685299584
3.11,0.0002092283685299584
3.11,0.0002092283685299584
4.34,0.00022891312762333895
4.34,0.00022891312762333895
1.72,0.00022843581308441008
1.72,0.00022843581308441008
1.72,0.00022843581308441008
4.01,0.00023969511725602884
4.01,0.00023969511725602884
4.01,0.00023969511725602884
2.07,0.00023969511725602884
2.07,0.00023969511725602884
2.47,0.00021551591434377956
2.47,0.00021551591434377956
6.8,0.0002351053600634921
10.74,0.0002351053600634921
10.74,0.0002351053600634921
10.74,0.0002351053600634921
1.26,0.0002351053600634921
3.11,0.0002092283685299584
3.11,0.0002092283685299584
3.11,0.0002092283685299584
2.47,0.00021258150359703995
2.47,0.00021258150359703995
3.8,0.0002186817019885456
3.8,0.00021608863898137573
2.79,0.00022891312762333895
2.79,0.00022891312762333895
6.64,0.00023969511725602884
6.64,0.00023969511725602884
4.01,0.00023969511725602884
2.07,0.00023969511725602884
2.07,0.00023969511725602884
1.95,0.00021551591434377956
2.47,0.00021551591434377956
2.47,0.00021551591434377956
1.23,0.00022135773272055257
1.23,0.00022135773272055257
1.06,0.00022135773272055257
6.8,0.0002351053600634921
10.74,0.0002351053600634921
10.74,0.0002351053600634921
10.74,0.0002351053600634921
1.26,0.0002351053600634921
2.47,0.00021258150359703995
2.47,0.00021258150359703995
3.8,0.0002186817019885456
3.8,0.0002186817019885456
2.79,0.00022891312762333895
2.79,0.00022891312762333895
6.64,0.00023969511725602884
6.64,0.00023969511725602884
2.07,0.00023969511725602884
2.07,0.00023969511725602884
3.52,0.00021551591434377956
3.52,0.00021551591434377956
3.52,0.00021551591434377956
1.23,0.00022135773272055257
1.23,0.00022135773272055257
1.06,0.00022135773272055257
1.7,0.00022135773272055257
1.7,0.00022135773272055257
1.7,0.0002227960412184568
5.59,0.0002351053600634921
10.74,0.0002351053600634921
10.74,0.0002351053600634921
10.74,0.0002351053600634921
2.47,0.00021258150359703995
2.47,0.00021258150359703995
3.8,0.0002186817019885456
3.8,0.0002186817019885456
2.66,0.00021608863898137573
2.66,0.00021608863898137573
8.88,0.00023268862586491872
8.88,0.00023268862586491872
8.88,0.00023268862586491872
3.52,0.00023969511725602884
3.52,0.00021551591434377956
3.52,0.00021551591434377956
1.7,0.00022135773272055257
1.7,0.00022135773272055257
1.7,0.0002227960412184568
2.66,0.0002186817019885456
2.66,0.0002186817019885456
2.66,0.0002186817019885456
2.08,0.00021608863898137573
2.08,0.00021608863898137573
2.66,0.00021608863898137573
2.66,0.00021608863898137573
8.88,0.00023268862586491872
8.88,0.00023268862586491872
8.88,0.00023268862586491872
1.7,0.00022135773272055257
1.7,0.00022135773272055257
1.7,0.00022135773272055257
0.68,0.0002227960412184568
0.68,0.0002227960412184568
0.68,0.0002227960412184568
2.0,0.0002172848018780465
2.0,0.0002172848018780465
2.66,0.0002186817019885456
2.66,0.0002186817019885456
2.66,0.0002186817019885456
5.95,0.0002186817019885456
5.95,0.0002186817019885456
2.08,0.00021608863898137573
2.08,0.00021608863898137573
2.66,0.00021608863898137573
3.5,0.00021608863898137573
3.5,0.00021608863898137573
3.5,0.00021608863898137573
8.88,0.00023268862586491872
8.88,0.00023268862586491872
8.88,0.00023268862586491872
2.53,0.0002253911768371872
2.53,0.0002253911768371872
2.53,0.0002253911768371872
0.68,0.0002227960412184568
0.68,0.0002227960412184568
0.68,0.0002227960412184568
2.0,0.0002172848018780465
2.0,0.0002172848018780465
5.95,0.0002186817019885456
8.16,0.0002186817019885456
8.16,0.0002186817019885456
8.16,0.0002186817019885456
3.5,0.00021608863898137573
3.5,0.00021608863898137573
3.5,0.00021608863898137573
3.15,0.00022891312762333895
3.15,0.00022891312762333895
2.53,0.0002253911768371872
2.53,0.0002253911768371872
2.53,0.0002253911768371872
0.97,0.0002227960412184568
0.97,0.0002227960412184568
0.97,0.0002227960412184568
0.56,0.0002136786884587989
0.56,0.0002136786884587989
5.95,0.0002186817019885456
8.16,0.0002186817019885456
8.16,0.0002186817019885456
8.16,0.0002186817019885456
3.5,0.00021608863898137573
3.5,0.00021608863898137573
3.5,0.00021608863898137573
3.15,0.00022891312762333895
3.15,0.00022891312762333895
0.97,0.0002227960412184568
0.97,0.0002227960412184568
0.97,0.0002227960412184568
0.56,0.0002136786884587989
0.56,0.0002136786884587989
8.16,0.0002186817019885456
8.16,0.0002186817019885456
8.16,0.0002186817019885456
3.5,0.00021608863898137573
3.5,0.00021608863898137573
0.97,0.0002227960412184568
0.97,0.0002227960412184568
0.97,0.0002227960412184568
1.53,0.00021551591434377956
1.53,0.00021551591434377956
0.62,0.00022135773272055257
0.62,0.00022135773272055257
1.14,0.00023422799110224063
1.14,0.00023422799110224063
1.14,0.00023422799110224063
0.66,0.00023422799110224063
1.84,0.0002234530092919733
1.84,0.0002234530092919733
1.84,0.0002234530092919733
1.53,0.00021762240972661307
1.53,0.00021762240972661307
0.62,0.00022637823510916896
0.62,0.00022637823510916896
1.14,0.00023422799110224063
1.14,0.00023422799110224063
1.14,0.00023422799110224063
0.66,0.00023422799110224063
1.84,0.0002234530092919733
1.84,0.0002234530092919733
1.84,0.0002234530092919733
1.53,0.00021762240972661307
1.53,0.00021762240972661307
4.87,0.00022058231568306745
4.87,0.00022058231568306745
1.52,0.00022058231568306745
1.52,0.00022058231568306745
1.14,0.00023422799110224063
1.14,0.00023422799110224063
1.14,0.00023422799110224063
1.14,0.00023422799110224063
3.05,0.0002318516106894486
3.05,0.0002318516106894486
3.05,0.0002318516106894486
1.92,0.0002234530092919733
1.92,0.0002234530092919733
1.92,0.0002234530092919733
4.87,0.00022058231568306745
4.87,0.00022058231568306745
1.55,0.00022058231568306745
1.55,0.00022058231568306745
1.52,0.00022058231568306745
1.52,0.00022058231568306745
3.05,0.0002318516106894486
3.05,0.0002318516106894486
3.05,0.0002318516106894486
2.67,0.0002318516106894486
2.67,0.0002318516106894486
2.67,0.0002318516106894486
1.92,0.0002234530092919733
1.92,0.0002234530092919733
1.92,0.0002234530092919733
4.87,0.00022058231568306745
4.87,0.00022058231568306745
1.55,0.00022058231568306745
1.55,0.00022058231568306745
2.67,0.0002318516106894486
2.67,0.0002318516106894486
2.67,0.0002318516106894486
1.92,0.0002234530092919733
1.92,0.0002234530092919733
1.92,0.0002234530092919733
0.76,0.00018892415330388885
0.76,0.00018892415330388885
0.76,0.00018892415330388885
0.35,0.0002036083239769975
0.35,0.0002097168038492341
2.09,0.00020663062238082287
2.09,0.00020663062238082287
2.09,0.00020663062238082287
4.74,0.000214101715865717
4.74,0.000214101715865717
4.74,0.000214101715865717
2.58,0.00022058231568306745
2.58,0.00022058231568306745
2.58,0.00022058231568306745
1.55,0.00022058231568306745
1.55,0.00022058231568306745
2.67,0.0002318516106894486
2.67,0.0002318516106894486
2.67,0.0002318516106894486
0.76,0.00018892415330388885
0.76,0.00018892415330388885
0.76,0.00018892415330388885
0.35,0.0002036083239769975
0.35,0.0002097168038492341
2.09,0.00020663062238082287
2.09,0.00020663062238082287
2.09,0.00020663062238082287
2.09,0.000214101715865717
4.72,0.000214101715865717
4.72,0.000214101715865717
4.72,0.000214101715865717
4.74,0.000214101715865717
2.58,0.00022058231568306745
2.58,0.00022058231568306745
2.58,0.00022058231568306745
6.84,0.00022058231568306745
6.84,0.00022058231568306745
6.84,0.00022058231568306745
1.59,0.00021765175712197383
1.59,0.00021765175712197383
0.52,0.00021765175712197383
0.76,0.00018892415330388885
0.76,0.00018892415330388885
0.76,0.00018892415330388885
2.09,0.00020663062238082287
2.09,0.00020663062238082287
2.09,0.00020663062238082287
2.09,0.000214101715865717
4.72,0.000214101715865717
4.72,0.000214101715865717
4.72,0.000214101715865717
2.58,0.00022058231568306745
2.58,0.00022058231568306745
2.58,0.00022058231568306745
6.84,0.00022058231568306745
6.84,0.00022058231568306745
6.84,0.00022058231568306745
1.59,0.00021765175712197383
1.59,0.00021765175712197383
0.52,0.00021765175712197383
0.52,0.00021765175712197383
2.09,0.000214101715865717
4.72,0.000214101715865717
4.72,0.000214101715865717
4.72,0.000214101715865717
6.84,0.00022058231568306745
6.84,0.00022058231568306745
6.84,0.00022058231568306745
3.27,0.0002318516106894486
3.27,0.0002318516106894486
3.27,0.0002318516106894486
1.59,0.00021765175712197383
1.59,0.00021765175712197383
0.52,0.00021765175712197383
0.52,0.00021765175712197383
2.32,0.0002036083239769975
2.32,0.0002036083239769975
2.32,0.0002036083239769975
2.15,0.0002097168038492341
2.15,0.0002097168038492341
2.15,0.0002097168038492341
4.27,0.00022058231568306745
4.27,0.00022058231568306745
4.27,0.00022058231568306745
3.27,0.0002318516106894486
3.27,0.0002318516106894486
3.27,0.0002318516106894486
1.7,0.00021765175712197383
1.7,0.00021765175712197383
1.7,0.00021765175712197383
2.32,0.0002036083239769975
2.32,0.0002036083239769975
2.32,0.0002036083239769975
2.15,0.0002097168038492341
2.15,0.0002097168038492341
2.15,0.0002097168038492341
4.27,0.00022058231568306745
4.27,0.00022058231568306745
4.27,0.00022058231568306745
1.7,0.00021765175712197383
1.7,0.00021765175712197383
1.7,0.00021765175712197383
2.32,0.0002036083239769975
2.32,0.0002036083239769975
2.32,0.0002036083239769975
2.15,0.0002097168038492341
2.15,0.0002097168038492341
2.15,0.0002097168038492341
4.27,0.00022058231568306745
4.27,0.00022058231568306745
4.27,0.00022058231568306745
1.7,0.00021765175712197383
1.7,0.00021765175712197383
1.7,0.00021765175712197383
0.46,0.00018892415330388885
0.46,0.00018892415330388885
0.46,0.00018892415330388885
8.29,0.0002239347756276845
8.29,0.0002239347756276845
3.85,0.00023422799110224063
3.9,0.00023422799110224063
3.9,0.00023422799110224063
3.9,0.00023422799110224063
0.46,0.00018892415330388885
0.46,0.00018892415330388885
0.46,0.00018892415330388885
8.29,0.0002239347756276845
8.29,0.0002239347756276845
2.45,0.0002239347756276845
3.85,0.00023422799110224063
3.9,0.00023422799110224063
3.9,0.00023422799110224063
3.9,0.00023422799110224063
0.46,0.00018892415330388885
0.46,0.00018892415330388885
0.46,0.00018892415330388885
8.29,0.0002239347756276845
8.29,0.0002239347756276845
2.45,0.0002239347756276845
1.53,0.0002239347756276845
1.53,0.0002239347756276845
1.53,0.0002239347756276845
3.85,0.00023422799110224063
3.85,0.00023422799110224063
3.85,0.00023422799110224063
4.39,0.00022058231568306745
4.39,0.00022058231568306745
4.39,0.00022058231568306745
2.45,0.0002239347756276845
2.45,0.0002239347756276845
2.45,0.0002239347756276845
1.53,0.0002239347756276845
1.53,0.0002239347756276845
1.53,0.0002239347756276845
1.15,0.00023422799110224063
1.15,0.00023422799110224063
1.15,0.00023422799110224063
0.66,0.00024135196167628865
0.66,0.00024135196167628865
0.66,0.00024135196167628865
4.39,0.00022058231568306745
4.39,0.00022058231568306745
4.39,0.00022058231568306745
1.53,0.0002239347756276845
1.53,0.0002239347756276845
1.53,0.0002239347756276845
1.15,0.0002239347756276845
1.15,0.00023422799110224063
1.15,0.00023422799110224063
14.15,0.00021762240972661307
14.15,0.00021762240972661307
14.15,0.00021762240972661307
0.66,0.00024135196167628865
0.66,0.00024135196167628865
0.66,0.00024135196167628865
5.67,0.00022058231568306745
5.67,0.00022058231568306745
5.67,0.00022058231568306745
4.1,0.00023105565879570175
4.1,0.00023105565879570175
4.1,0.00023105565879570175
14.15,0.00021762240972661307
14.15,0.00021762240972661307
14.15,0.00021762240972661307
3.42,0.00021652301809143
3.42,0.00021652301809143
3.42,0.00021652301809143
4.04,0.00021765175712197383
4.04,0.00021765175712197383
3.28,0.0002116922152200279
3.28,0.000214101715865717
3.28,0.000214101715865717
5.67,0.00022058231568306745
5.67,0.00022058231568306745
5.67,0.00022058231568306745
4.17,0.00022058231568306745
4.17,0.00022058231568306745
4.17,0.00022058231568306745
4.1,0.00023105565879570175
4.1,0.00023105565879570175
4.1,0.00023105565879570175
3.25,0.00023105565879570175
3.25,0.00023105565879570175
14.15,0.00021762240972661307
14.15,0.00021762240972661307
14.15,0.00021762240972661307
3.42,0.00021652301809143
3.42,0.00021652301809143
3.42,0.00021652301809143
4.04,0.00021765175712197383
4.04,0.00021765175712197383
3.28,0.0002116922152200279
3.28,0.000214101715865717
3.28,0.000214101715865717
4.17,0.00022058231568306745
4.17,0.00022058231568306745
4.17,0.00022058231568306745
4.1,0.00023105565879570175
4.1,0.00023105565879570175
4.1,0.00023105565879570175
3.25,0.00023105565879570175
3.25,0.00023105565879570175
2.83,0.00020943594836518895
2.83,0.00020943594836518895
2.83,0.00020943594836518895
3.28,0.0002116922152200279
3.28,0.000214101715865717
4.17,0.00022058231568306745
4.17,0.00022058231568306745
4.17,0.00022058231568306745
1.76,0.00023105565879570175
1.76,0.00023105565879570175
2.83,0.00020943594836518895
2.83,0.00020943594836518895
2.83,0.00020943594836518895
1.76,0.00023105565879570175
1.76,0.00023105565879570175
3.01,0.000214101715865717
3.01,0.000214101715865717
3.01,0.000214101715865717
2.71,0.0002239347756276845
2.71,0.0002239347756276845
2.71,0.0002239347756276845
2.7,0.00023422799110224063
2.7,0.00023422799110224063
2.7,0.00023422799110224063
1.76,0.00023105565879570175
1.76,0.00023105565879570175
4.24,0.00023105565879570175
4.24,0.00023105565879570175
1.9,0.00021762240972661307
1.9,0.00021762240972661307
1.9,0.00021762240972661307
0.8,0.0001778767403319508
1.5,0.0001778767403319508
1.5,0.0001778767403319508
1.5,0.0001778767403319508
3.01,0.000214101715865717
3.01,0.000214101715865717
3.01,0.000214101715865717
2.71,0.0002239347756276845
2.71,0.0002239347756276845
2.71,0.0002239347756276845
2.7,0.0002239347756276845
2.7,0.00023422799110224063
2.7,0.00023422799110224063
4.24,0.00023105565879570175
4.24,0.00023105565879570175
4.26,0.0002318516106894486
4.26,0.0002318516106894486
4.26,0.0002318516106894486
1.9,0.00021762240972661307
1.9,0.00021762240972661307
1.9,0.00021762240972661307
0.8,0.0001778767403319508
1.5,0.0001778767403319508
1.5,0.0001778767403319508
1.5,0.0001778767403319508
2.95,0.0002239347756276845
2.95,0.0002239347756276845
2.95,0.0002239347756276845
4.24,0.00023105565879570175
4.24,0.00023105565879570175
4.26,0.0002318516106894486
4.26,0.0002318516106894486
4.26,0.0002318516106894486
1.9,0.00021762240972661307
1.9,0.00021762240972661307
1.9,0.00021762240972661307
2.09,0.00022637823510916896
2.09,0.00022637823510916896
0.8,0.0001778767403319508
1.5,0.0001778767403319508
1.5,0.0001778767403319508
1.5,0.0001778767403319508
1.65,0.0002116922152200279
1.65,0.0002116922152200279
2.35,0.00022058231568306745
2.35,0.00022058231568306745
2.95,0.0002239347756276845
2.95,0.0002239347756276845
2.95,0.0002239347756276845
4.26,0.0002318516106894486
4.26,0.0002318516106894486
4.26,0.0002318516106894486
2.34,0.00022637823510916896
2.34,0.00022637823510916896
2.34,0.00022637823510916896
2.34,0.00022637823510916896
1.65,0.00021392622457453567
1.65,0.00021392622457453567
2.35,0.00022303415036566032
2.35,0.00022303415036566032
5.88,0.00021060547833058127
5.88,0.00021060547833058127
5.88,0.00021060547833058127
2.95,0.00021060547833058127
2.95,0.00021060547833058127
2.95,0.00021060547833058127
2.56,0.00022643723505763385
2.56,0.00022643723505763385
2.34,0.00021569512843686036
2.34,0.00021569512843686036
2.34,0.00021569512843686036
2.34,0.00021569512843686036
1.08,0.00021569512843686036
1.65,0.00021392622457453567
1.65,0.00021392622457453567
2.35,0.00022303415036566032
2.35,0.00022303415036566032
1.58,0.00022303415036566032
1.58,0.00022303415036566032
5.88,0.00021060547833058127
5.88,0.00021060547833058127
5.88,0.00021060547833058127
4.89,0.00022651679915603587
4.89,0.00022651679915603587
4.89,0.00022651679915603587
2.56,0.00022643723505763385
5.9,0.00022643723505763385
5.9,0.00022643723505763385
5.9,0.00022643723505763385
2.69,0.00022643723505763385
2.34,0.00021569512843686036
2.34,0.00021569512843686036
2.34,0.00021569512843686036
1.08,0.00021569512843686036
1.58,0.00022303415036566032
1.58,0.00022303415036566032
5.88,0.00021060547833058127
5.88,0.00021060547833058127
5.88,0.00021060547833058127
4.89,0.00022651679915603587
4.89,0.00022651679915603587
4.89,0.00022651679915603587
5.9,0.00022643723505763385
5.9,0.00022643723505763385
5.9,0.00022643723505763385
2.69,0.00022643723505763385
1.08,0.00021569512843686036
1.08,0.00021569512843686036
2.48,0.00021392622457453567
2.48,0.00021392622457453567
2.61,0.00021392622457453567
2.61,0.00021392622457453567
2.61,0.00021392622457453567
2.61,0.00021392622457453567
3.18,0.0002184616219716992
3.18,0.0002184616219716992
3.18,0.0002184616219716992
1.58,0.00022303415036566032
3.01,0.00022303415036566032
3.01,0.00022303415036566032
4.94,0.00022303415036566032
4.94,0.00022303415036566032
4.94,0.00021060547833058127
3.81,0.00022651679915603587
3.81,0.00022651679915603587
4.89,0.00022651679915603587
4.89,0.00022651679915603587
4.89,0.00022651679915603587
5.9,0.00022643723505763385
5.9,0.00022643723505763385
5.9,0.00022643723505763385
2.69,0.00022643723505763385
1.77,0.00021392622457453567
2.48,0.00021392622457453567
2.48,0.00021392622457453567
2.18,0.00021392622457453567
2.18,0.00021392622457453567
2.18,0.00021392622457453567
2.61,0.00021392622457453567
2.61,0.00021392622457453567
2.61,0.00021392622457453567
2.61,0.00021392622457453567
3.18,0.0002184616219716992
3.18,0.0002184616219716992
3.18,0.0002184616219716992
23.11,0.00022303415036566032
23.11,0.00022303415036566032
23.11,0.00022303415036566032
4.69,0.00022303415036566032
4.69,0.00022303415036566032
3.01,0.00022303415036566032
4.94,0.00022303415036566032
4.94,0.00022303415036566032
4.94,0.00022303415036566032
2.29,0.00021060547833058127
2.29,0.00021060547833058127
3.81,0.00022651679915603587
3.81,0.00022651679915603587
1.77,0.00021392622457453567
2.48,0.00021392622457453567
2.48,0.00021392622457453567
2.18,0.00021392622457453567
2.18,0.00021392622457453567
2.18,0.00021392622457453567
2.61,0.00021392622457453567
2.61,0.00021392622457453567
2.61,0.00021392622457453567
2.61,0.00021392622457453567
3.18,0.0002184616219716992
3.18,0.0002184616219716992
23.11,0.00022303415036566032
23.11,0.00022303415036566032
23.11,0.00022303415036566032
4.69,0.00022303415036566032
4.69,0.00022303415036566032
3.01,0.00022303415036566032
4.94,0.00022303415036566032
4.94,0.00022303415036566032
4.94,0.00022303415036566032
2.29,0.00021060547833058127
2.29,0.00021060547833058127
2.45,0.00022643723505763385
2.45,0.00022643723505763385
2.45,0.00022643723505763385
2.18,0.00021392622457453567
2.18,0.00021392622457453567
2.18,0.00021392622457453567
3.18,0.0002184616219716992
3.18,0.0002184616219716992
3.99,0.0002184616219716992
3.99,0.0002184616219716992
23.11,0.00022303415036566032
23.11,0.00022303415036566032
23.11,0.00022303415036566032
2.03,0.00021060547833058127
2.03,0.00022651679915603587
2.03,0.00022651679915603587
6.48,0.0002293928658440882
6.48,0.0002293928658440882
6.48,0.0002293928658440882
2.45,0.00022643723505763385
2.45,0.00022643723505763385
2.45,0.00022643723505763385
3.99,0.0002184616219716992
3.99,0.0002184616219716992
3.99,0.0002184616219716992
1.13,0.00021060547833058127
1.13,0.00021060547833058127
2.03,0.00021060547833058127
2.03,0.00021060547833058127
2.03,0.00022651679915603587
6.48,0.0002293928658440882
6.48,0.0002293928658440882
6.48,0.0002293928658440882
9.55,0.0002293928658440882
9.55,0.0002293928658440882
1.84,0.0002165592183674319
1.84,0.0002165592183674319
3.99,0.0002184616219716992
3.99,0.0002184616219716992
3.99,0.0002184616219716992
1.13,0.00021060547833058127
1.13,0.00021060547833058127
2.03,0.00021060547833058127
2.03,0.00021060547833058127
2.03,0.00022651679915603587
6.48,0.0002293928658440882
6.48,0.0002293928658440882
6.48,0.0002293928658440882
9.55,0.0002293928658440882
9.55,0.0002293928658440882
6.19,0.0002165592183674319
6.19,0.0002165592183674319
6.19,0.0002165592183674319
1.84,0.0002165592183674319
1.84,0.0002165592183674319
0.31,0.00021405590459877663
0.31,0.00021405590459877663
1.13,0.00021060547833058127
1.13,0.00021060547833058127
3.25,0.00022651679915603587
3.25,0.00022651679915603587
3.25,0.00022651679915603587
9.55,0.0002293928658440882
9.55,0.0002293928658440882
9.55,0.0002293928658440882
6.19,0.00022553190589753177
6.19,0.0002165592183674319
6.19,0.0002165592183674319
1.86,0.0002239786217032904
1.86,0.0002239786217032904
1.86,0.0002239786217032904
0.31,0.00021405590459877663
0.31,0.00021405590459877663
3.25,0.00022651679915603587
3.25,0.00022651679915603587
3.25,0.00022651679915603587
2.41,0.0002293928658440882
2.41,0.0002293928658440882
2.01,0.0002293928658440882
2.01,0.0002293928658440882
2.01,0.0002293928658440882
2.01,0.00022643723505763385
6.19,0.00022553190589753177
6.19,0.0002165592183674319
6.19,0.0002165592183674319
1.29,0.0002152973555415529
1.29,0.0002152973555415529
1.86,0.0002239786217032904
1.86,0.0002239786217032904
1.86,0.0002239786217032904
2.41,0.00022303415036566032
2.41,0.00022303415036566032
2.41,0.00022303415036566032
3.25,0.00022651679915603587
3.25,0.00022651679915603587
2.41,0.0002293928658440882
2.41,0.0002293928658440882
2.41,0.0002293928658440882
2.01,0.0002293928658440882
2.01,0.0002293928658440882
2.01,0.0002293928658440882
2.01,0.00022643723505763385
1.77,0.0002165592183674319
1.77,0.0002165592183674319
1.77,0.0002165592183674319
1.29,0.0002152973555415529
1.29,0.0002152973555415529
6.72,0.0002152973555415529
6.72,0.00021569512843686036
6.72,0.00021569512843686036
2.0,0.00023489505969024203
2.0,0.00023489505969024203
2.0,0.00023489505969024203
1.86,0.0002239786217032904
1.86,0.0002239786217032904
1.86,0.0002239786217032904
2.41,0.00022303415036566032
2.41,0.00022303415036566032
2.41,0.00022303415036566032
2.41,0.0002293928658440882
2.41,0.0002293928658440882
2.41,0.0002293928658440882
2.01,0.0002293928658440882
2.01,0.0002293928658440882
2.01,0.0002293928658440882
2.01,0.0002293928658440882
1.77,0.0002165592183674319
1.77,0.0002165592183674319
1.77,0.0002165592183674319
1.9,0.0002152973555415529
1.9,0.0002152973555415529
6.72,0.0002152973555415529
6.72,0.0002152973555415529
6.72,0.00021569512843686036
0.67,0.00023418679227377496
0.67,0.00023418679227377496
0.67,0.00023418679227377496
0.57,0.00023430543601642425
0.57,0.00023430543601642425
1.21,0.00023430543601642425
1.21,0.00023430543601642425
1.21,0.00023430543601642425
2.0,0.00023272587554421255
2.0,0.00023489505969024203
2.0,0.00023489505969024203
2.41,0.00022303415036566032
2.41,0.00022303415036566032
2.41,0.00022303415036566032
2.44,0.00022651679915603587
2.44,0.00022651679915603587
2.02,0.0002293928658440882
2.02,0.0002293928658440882
2.02,0.0002293928658440882
2.02,0.0002165592183674319
2.02,0.0002165592183674319
1.9,0.0002152973555415529
1.9,0.0002152973555415529
6.72,0.0002152973555415529
6.72,0.0002152973555415529
6.72,0.00021569512843686036
0.67,0.00023418679227377496
0.67,0.00023418679227377496
0.67,0.00023418679227377496
0.57,0.00023430543601642425
0.57,0.00023430543601642425
1.21,0.00023430543601642425
1.21,0.00023430543601642425
1.21,0.00023430543601642425
1.33,0.00023489505969024203
1.33,0.00023489505969024203
2.44,0.00021060547833058127
2.44,0.00022651679915603587
2.02,0.0002293928658440882
2.02,0.0002293928658440882
2.02,0.0002293928658440882
2.4,0.00022553190589753177
2.4,0.00022553190589753177
2.4,0.0002165592183674319
2.02,0.0002165592183674319
2.02,0.0002165592183674319
2.02,0.0002165592183674319
3.07,0.00022481727418802256
3.07,0.00022481727418802256
3.07,0.00022481727418802256
3.03,0.00022481727418802256
3.03,0.00022481727418802256
3.03,0.00022481727418802256
0.67,0.00023418679227377496
0.67,0.00023418679227377496
0.67,0.00023418679227377496
1.21,0.00023430543601642425
1.21,0.00023430543601642425
1.21,0.00023430543601642425
7.29,0.00021060547833058127
7.29,0.00021060547833058127
2.02,0.0002293928658440882
2.02,0.0002293928658440882
2.02,0.0002293928658440882
2.08,0.0002293928658440882
2.08,0.0002293928658440882
2.08,0.0002293928658440882
2.4,0.00022553190589753177
2.4,0.00022553190589753177
2.4,0.0002165592183674319
2.02,0.0002165592183674319
2.02,0.0002165592183674319
2.02,0.0002165592183674319
3.07,0.00022481727418802256
3.07,0.00022481727418802256
3.07,0.00022481727418802256
3.03,0.00022481727418802256
3.03,0.00022481727418802256
3.03,0.00022481727418802256
2.93,0.00021392622457453567
2.93,0.00021392622457453567
2.93,0.00021392622457453567
7.29,0.00021060547833058127
7.29,0.00021060547833058127
4.06,0.0002293928658440882
4.06,0.0002293928658440882
4.06,0.0002293928658440882
2.08,0.0002293928658440882
2.08,0.0002293928658440882
2.08,0.0002293928658440882
2.08,0.0002293928658440882
2.45,0.00022643723505763385
2.45,0.00022643723505763385
2.45,0.00022643723505763385
4.3,0.00022643723505763385
4.3,0.00022643723505763385
4.3,0.00022643723505763385
2.4,0.00022553190589753177
2.4,0.00022553190589753177
2.4,0.00022553190589753177
3.03,0.00022481727418802256
3.03,0.00022481727418802256
3.03,0.00022481727418802256
4.11,0.00023430543601642425
4.11,0.00023430543601642425
4.11,0.00023430543601642425
2.93,0.00021392622457453567
2.93,0.00021392622457453567
2.93,0.00021392622457453567
7.29,0.00021060547833058127
7.29,0.00021060547833058127
4.06,0.0002293928658440882
4.06,0.0002293928658440882
4.06,0.0002293928658440882
4.06,0.0002293928658440882
2.08,0.0002293928658440882
2.08,0.0002293928658440882
2.45,0.00022643723505763385
2.45,0.00022643723505763385
2.45,0.00022643723505763385
4.3,0.00022643723505763385
4.3,0.00022643723505763385
4.3,0.00022643723505763385
3.37,0.00023099451706570803
3.37,0.00023099451706570803
3.37,0.00023099451706570803
4.11,0.00023430543601642425
4.11,0.00023430543601642425
4.11,0.00023430543601642425
0.51,0.0002338670259352988
0.51,0.0002338670259352988
2.15,0.00023489505969024203
2.15,0.00023489505969024203
2.15,0.00023489505969024203
3.28,0.00021060547833058127
3.28,0.00021060547833058127
3.28,0.00021060547833058127
4.06,0.0002293928658440882
4.06,0.0002293928658440882
4.06,0.0002293928658440882
4.3,0.00022643723505763385
4.3,0.00022643723505763385
4.3,0.00022643723505763385
2.61,0.00021569512843686036
2.61,0.00021569512843686036
2.61,0.00021569512843686036
3.37,0.00023099451706570803
3.37,0.00023099451706570803
3.37,0.00023099451706570803
3.37,0.00023099451706570803
4.11,0.00023430543601642425
4.11,0.00023430543601642425
4.11,0.00023430543601642425
0.51,0.0002338670259352988
0.51,0.0002338670259352988
2.15,0.00023489505969024203
2.15,0.00023489505969024203
2.15,0.00023489505969024203
3.28,0.00021060547833058127
3.28,0.00021060547833058127
3.28,0.00021060547833058127
2.62,0.00021060547833058127
2.62,0.00021060547833058127
3.29,0.00022553190589753177
3.29,0.00022553190589753177
3.29,0.00022553190589753177
2.61,0.00021569512843686036
2.61,0.00021569512843686036
2.61,0.00021569512843686036
3.37,0.00023099451706570803
3.37,0.00023099451706570803
3.37,0.00023099451706570803
3.37,0.00023099451706570803
2.15,0.00023489505969024203
2.15,0.00023489505969024203
2.15,0.00023489505969024203
3.28,0.00021060547833058127
3.28,0.00021060547833058127
3.28,0.00021060547833058127
2.62,0.00021060547833058127
2.62,0.00021060547833058127
2.17,0.00021060547833058127
2.17,0.00022651679915603587
3.29,0.00022553190589753177
3.29,0.00022553190589753177
3.29,0.00022553190589753177
2.61,0.0002152973555415529
2.61,0.00021569512843686036
2.61,0.00021569512843686036
2.01,0.0002184616219716992
2.01,0.0002184616219716992
2.01,0.0002184616219716992
7.97,0.00021060547833058127
7.97,0.00021060547833058127
7.97,0.00021060547833058127
2.17,0.00021060547833058127
2.17,0.00022651679915603587
4.33,0.00022643723505763385
4.33,0.00022643723505763385
3.29,0.00022553190589753177
3.29,0.00022553190589753177
3.29,0.00022553190589753177
2.42,0.00022481727418802256
2.42,0.00022481727418802256
9.78,0.00023272587554421255
9.78,0.00023272587554421255
9.78,0.00023272587554421255
4.04,0.00023272587554421255
2.01,0.0002184616219716992
2.01,0.0002184616219716992
2.01,0.0002184616219716992
7.97,0.00021060547833058127
7.97,0.00021060547833058127
7.97,0.00021060547833058127
2.17,0.00021060547833058127
2.17,0.00021060547833058127
10.04,0.0002293928658440882
10.04,0.0002293928658440882
4.33,0.00022643723505763385
4.33,0.00022643723505763385
2.42,0.00022481727418802256
2.42,0.00022481727418802256
9.78,0.00023272587554421255
9.78,0.00023272587554421255
9.78,0.00023272587554421255
4.04,0.00023272587554421255
5.48,0.0002184616219716992
5.48,0.0002184616219716992
5.48,0.0002184616219716992
2.01,0.0002184616219716992
2.01,0.0002184616219716992
2.01,0.0002184616219716992
10.04,0.0002293928658440882
10.04,0.0002293928658440882
10.04,0.0002293928658440882
4.33,0.00022643723505763385
4.33,0.00022643723505763385
2.42,0.00022481727418802256
2.42,0.00022481727418802256
2.51,0.0002152973555415529
2.51,0.0002152973555415529
2.51,0.0002152973555415529
9.78,0.00023272587554421255
9.78,0.00023272587554421255
4.04,0.00023272587554421255
5.48,0.0002184616219716992
5.48,0.0002184616219716992
5.48,0.0002184616219716992
6.13,0.00021060547833058127
6.13,0.00021060547833058127
10.04,0.0002293928658440882
10.04,0.0002293928658440882
10.04,0.0002293928658440882
2.51,0.0002152973555415529
2.51,0.0002152973555415529
2.51,0.0002152973555415529
5.48,0.0002184616219716992
5.48,0.0002184616219716992
5.48,0.0002184616219716992
6.13,0.00021060547833058127
6.13,0.00021060547833058127
6.13,0.00021060547833058127
6.13,0.00021060547833058127
4.02,0.00022651679915603587
4.02,0.00022651679915603587
4.02,0.00022651679915603587
2.9,0.00022643723505763385
2.9,0.00022643723505763385
2.51,0.0002152973555415529
2.51,0.0002152973555415529
2.51,0.0002152973555415529
6.13,0.00021060547833058127
6.13,0.00021060547833058127
6.13,0.00021060547833058127
6.13,0.00021060547833058127
4.02,0.00022651679915603587
4.02,0.00022651679915603587
4.02,0.00022651679915603587
2.9,0.00022643723505763385
2.9,0.00022643723505763385
1.11,0.0002239786217032904
1.11,0.0002239786217032904
1.11,0.0002239786217032904
2.72,0.00022906505145381777
2.72,0.00022906505145381777
2.72,0.00022906505145381777
4.02,0.00022906505145381777
4.02,0.00022906505145381777
4.02,0.00022906505145381777
1.11,0.00022246913688607207
1.11,0.00022246913688607207
1.11,0.00022246913688607207
2.72,0.00022906505145381777
2.72,0.00022906505145381777
2.72,0.00022906505145381777
2.54,0.00022906505145381777
2.54,0.00022906505145381777
2.23,0.00022875953070826332
2.23,0.00022875953070826332
2.23,0.00022875953070826332
2.88,0.00022875953070826332
2.88,0.00022875953070826332
1.11,0.00022246913688607207
1.11,0.00022246913688607207
1.11,0.00022246913688607207
2.72,0.00022906505145381777
2.72,0.00022906505145381777
2.72,0.00022906505145381777
2.23,0.00022875953070826332
2.23,0.00022875953070826332
2.23,0.00022875953070826332
2.88,0.00022875953070826332
2.88,0.00022875953070826332
1.37,0.00024017768951663083
1.37,0.00022059414523241877
1.37,0.00022059414523241877
2.61,0.00022906505145381777
2.61,0.00022906505145381777
2.23,0.00022875953070826332
2.23,0.00022875953070826332
2.23,0.00022875953070826332
1.37,0.00024017768951663083
1.37,0.00022059414523241877
1.37,0.00022059414523241877
2.61,0.00022906505145381777
3.39,0.00022906505145381777
3.39,0.00022906505145381777
1.37,0.00024017768951663083
1.37,0.00024017768951663083
1.37,0.00022059414523241877
2.61,0.00022906505145381777
3.39,0.00022906505145381777
3.39,0.00022906505145381777
6.02,0.0002318204124725741
6.02,0.0002318204124725741
6.02,0.0002318204124725741
3.74,0.0002318204124725741
3.74,0.0002318204124725741
3.74,0.0002318204124725741
8.43,0.00022246913688607207
8.43,0.00022246913688607207
8.43,0.00022246913688607207
3.39,0.00022906505145381777
3.39,0.00022906505145381777
3.68,0.0002318204124725741
3.68,0.0002318204124725741
3.68,0.0002318204124725741
6.02,0.0002318204124725741
6.02,0.0002318204124725741
6.02,0.0002318204124725741
3.74,0.0002318204124725741
3.74,0.0002318204124725741
3.74,0.0002318204124725741
8.43,0.00022246913688607207
8.43,0.00022246913688607207
8.43,0.00022246913688607207
8.43,0.00022246913688607207
0.84,0.00021232557123158587
0.84,0.00021232557123158587
0.84,0.00021232557123158587
3.68,0.0002318204124725741
3.68,0.0002318204124725741
3.68,0.0002318204124725741
6.02,0.0002318204124725741
6.02,0.0002318204124725741
6.02,0.0002318204124725741
3.74,0.0002318204124725741
3.74,0.0002318204124725741
3.74,0.0002318204124725741
2.47,0.0002314811921184743
2.47,0.0002314811921184743
3.33,0.00021467214934412665
3.33,0.00021467214934412665
8.43,0.00022246913688607207
8.43,0.00022246913688607207
8.43,0.00022246913688607207
8.43,0.00022246913688607207
0.84,0.00021232557123158587
0.84,0.00021232557123158587
0.84,0.00021232557123158587
1.98,0.0002318204124725741
1.98,0.0002318204124725741
3.31,0.0002318204124725741
3.31,0.0002314811921184743
3.31,0.0002314811921184743
2.47,0.0002314811921184743
2.47,0.0002314811921184743
2.04,0.0002314811921184743
2.04,0.0002314811921184743
2.04,0.0002314811921184743
3.33,0.00021467214934412665
3.33,0.00021467214934412665
8.43,0.00022246913688607207
8.43,0.00022246913688607207
8.43,0.00022246913688607207
0.84,0.00021232557123158587
0.84,0.00021232557123158587
0.84,0.00021232557123158587
3.63,0.00022906505145381777
3.63,0.00022906505145381777
3.31,0.0002318204124725741
3.31,0.0002318204124725741
3.31,0.0002314811921184743
4.27,0.0002314811921184743
4.27,0.0002314811921184743
4.27,0.0002314811921184743
2.04,0.0002314811921184743
2.04,0.0002314811921184743
2.04,0.0002314811921184743
3.33,0.00021467214934412665
3.33,0.00021467214934412665
0.64,0.00024017768951663083
0.64,0.00022059414523241877
13.33,0.00022177529158434576
13.33,0.00022177529158434576
13.33,0.00022177529158434576
3.63,0.00022372610041970187
3.63,0.00022372610041970187
3.63,0.00022906505145381777
3.31,0.0002318204124725741
3.31,0.0002318204124725741
3.31,0.0002314811921184743
4.27,0.0002314811921184743
4.27,0.0002314811921184743
4.27,0.0002314811921184743
2.04,0.0002314811921184743
2.04,0.0002314811921184743
2.04,0.0002314811921184743
0.64,0.00024017768951663083
0.64,0.00024017768951663083
13.33,0.00022177529158434576
13.33,0.00022177529158434576
13.33,0.00022177529158434576
5.72,0.0002290376309021925
5.72,0.0002290376309021925
3.47,0.00022372610041970187
3.47,0.00022372610041970187
3.47,0.00022372610041970187
3.63,0.00022372610041970187
3.63,0.00022372610041970187
3.63,0.00022372610041970187
1.72,0.0002318204124725741
1.72,0.0002318204124725741
1.72,0.0002318204124725741
0.64,0.00024017768951663083
0.64,0.00024017768951663083
13.33,0.00022177529158434576
13.33,0.00022177529158434576
13.33,0.00022177529158434576
5.72,0.00022177529158434576
5.72,0.0002290376309021925
3.64,0.00022246913688607207
3.64,0.00022246913688607207
3.64,0.00022246913688607207
3.47,0.00022372610041970187
3.47,0.00022372610041970187
3.47,0.00022372610041970187
3.63,0.00022372610041970187
3.63,0.00022372610041970187
3.63,0.00022372610041970187
1.72,0.0002318204124725741
1.72,0.0002318204124725741
1.72,0.0002318204124725741
3.31,0.00022875953070826332
3.31,0.00022875953070826332
3.64,0.00022246913688607207
3.64,0.00022246913688607207
3.64,0.00022246913688607207
3.79,0.00022372610041970187
3.79,0.00022906505145381777
1.72,0.0002318204124725741
1.72,0.0002318204124725741
1.72,0.0002318204124725741
3.31,0.00022875953070826332
3.31,0.00022875953070826332
1.53,0.00024817333521612875
1.53,0.00024817333521612875
1.53,0.00024817333521612875
1.53,0.00024817333521612875
5.95,0.00022370876008505176
5.95,0.00022370876008505176
3.79,0.00022372610041970187
3.79,0.00022906505145381777
3.31,0.00022875953070826332
3.31,0.00022875953070826332
3.11,0.0002243157989008948
3.11,0.0002243157989008948
1.53,0.00024817333521612875
1.53,0.00024817333521612875
1.53,0.00024817333521612875
1.53,0.00024817333521612875
5.95,0.00022370876008505176
5.95,0.00022370876008505176
3.79,0.00022372610041970187
3.79,0.00022372610041970187
3.11,0.0002243157989008948
3.11,0.0002243157989008948
1.53,0.00024817333521612875
1.53,0.00024817333521612875
1.53,0.00024817333521612875
1.53,0.00024817333521612875
1.13,0.00024817333521612875
5.72,0.00022370876008505176
5.72,0.00022370876008505176
3.62,0.00022906505145381777
3.62,0.00022906505145381777
3.62,0.00022906505145381777
1.51,0.00024817333521612875
1.36,0.00024817333521612875
1.13,0.00024817333521612875
1.13,0.00024817333521612875
0.76,0.00024817333521612875
1.13,0.00024817333521612875
0.91,0.00022059414523241877
0.91,0.00022059414523241877
0.91,0.00022059414523241877
5.72,0.00022370876008505176
5.72,0.00022370876008505176
5.72,0.00022370876008505176
2.45,0.00022906505145381777
2.45,0.00022906505145381777
3.62,0.00022906505145381777
3.62,0.00022906505145381777
3.62,0.00022906505145381777
2.94,0.00022906505145381777
4.67,0.00022906505145381777
4.67,0.00022906505145381777
4.67,0.00022906505145381777
6.63,0.0002314811921184743
6.63,0.00022875953070826332
1.51,0.00024817333521612875
1.36,0.00024817333521612875
0.76,0.00024817333521612875
0.76,0.00024817333521612875
0.76,0.00024817333521612875
1.13,0.00024817333521612875
0.91,0.00022059414523241877
2.52,0.00022059414523241877
2.52,0.00022059414523241877
4.46,0.00020390668920389725
4.46,0.00020390668920389725
4.46,0.00020390668920389725
2.68,0.00022370876008505176
5.72,0.00022370876008505176
5.72,0.00022370876008505176
5.72,0.00022370876008505176
1.55,0.00022370876008505176
2.69,0.00022906505145381777
2.69,0.00022906505145381777
2.69,0.00022906505145381777
3.62,0.00022906505145381777
3.62,0.00022906505145381777
2.94,0.00022906505145381777
4.67,0.00022906505145381777
4.67,0.00022906505145381777
4.67,0.00022906505145381777
6.66,0.0002318204124725741
5.39,0.0002318204124725741
5.39,0.0002318204124725741
5.39,0.0002318204124725741
6.63,0.0002314811921184743
6.63,0.00022875953070826332
0.76,0.00024817333521612875
0.76,0.00024817333521612875
0.76,0.00024817333521612875
0.91,0.00022059414523241877
2.52,0.00022059414523241877
2.52,0.00022059414523241877
2.52,0.00022059414523241877
2.56,0.00022246913688607207
2.56,0.00022246913688607207
2.56,0.00022246913688607207
4.46,0.00020390668920389725
4.46,0.00020390668920389725
4.46,0.00020390668920389725
2.68,0.00022370876008505176
2.68,0.00022370876008505176
1.55,0.00022370876008505176
1.55,0.00022370876008505176
1.55,0.00022370876008505176
2.69,0.00022906505145381777
2.69,0.00022906505145381777
2.69,0.00022906505145381777
2.94,0.00022906505145381777
2.94,0.00022906505145381777
2.94,0.00022906505145381777
4.67,0.00022906505145381777
4.67,0.00022906505145381777
4.67,0.00022906505145381777
6.66,0.0002318204124725741
6.66,0.0002318204124725741
6.66,0.0002318204124725741
6.66,0.0002318204124725741
5.39,0.0002318204124725741
6.63,0.0002314811921184743
6.63,0.0002314811921184743
1.14,0.00024817333521612875
1.14,0.00024817333521612875
1.14,0.00024817333521612875
2.52,0.00022059414523241877
2.52,0.00022059414523241877
2.52,0.00022059414523241877
2.56,0.00022246913688607207
2.56,0.00022246913688607207
2.56,0.00022246913688607207
4.46,0.00020390668920389725
4.46,0.00020390668920389725
4.46,0.00020390668920389725
1.55,0.00022370876008505176
1.55,0.00022370876008505176
1.55,0.00022370876008505176
6.66,0.0002318204124725741
6.66,0.0002318204124725741
6.66,0.0002318204124725741
6.66,0.0002318204124725741
5.39,0.0002318204124725741
3.67,0.0002314811921184743
3.67,0.0002314811921184743
3.67,0.0002314811921184743
1.14,0.00024817333521612875
1.14,0.00024817333521612875
1.14,0.00024817333521612875
0.65,0.00024817333521612875
2.52,0.00022059414523241877
2.52,0.00022059414523241877
2.52,0.00022059414523241877
1.0,0.00022059414523241877
1.0,0.00022059414523241877
6.66,0.0002318204124725741
6.66,0.0002318204124725741
6.66,0.0002318204124725741
6.66,0.0002318204124725741
5.39,0.0002318204124725741
3.67,0.0002314811921184743
5.14,0.0002314811921184743
5.14,0.0002314811921184743
5.14,0.0002314811921184743
1.85,0.0002243157989008948
1.85,0.0002243157989008948
1.85,0.0002243157989008948
1.14,0.00024817333521612875
1.14,0.00024817333521612875
1.14,0.00024817333521612875
0.65,0.00024817333521612875
1.0,0.00022059414523241877
1.0,0.00022059414523241877
1.0,0.00022059414523241877
1.0,0.00022059414523241877
3.47,0.0002318204124725741
3.81,0.0002318204124725741
3.81,0.0002318204124725741
3.67,0.0002314811921184743
5.14,0.0002314811921184743
5.14,0.0002314811921184743
5.14,0.0002314811921184743
1.85,0.0002243157989008948
1.85,0.0002243157989008948
1.85,0.0002243157989008948
0.79,0.00024817333521612875
0.79,0.00024817333521612875
0.79,0.00024817333521612875
0.65,0.00024817333521612875
1.0,0.00022059414523241877
1.0,0.00022059414523241877
1.0,0.00022059414523241877
1.0,0.00022059414523241877
5.46,0.0002318204124725741
5.46,0.0002318204124725741
5.46,0.0002318204124725741
4.85,0.0002318204124725741
4.85,0.0002318204124725741
5.14,0.0002314811921184743
5.14,0.0002314811921184743
5.14,0.0002314811921184743
1.85,0.0002243157989008948
1.85,0.0002243157989008948
1.85,0.0002243157989008948
0.79,0.00024817333521612875
0.79,0.00024817333521612875
1.03,0.00022059414523241877
1.03,0.00022059414523241877
1.03,0.00022059414523241877
5.46,0.0002318204124725741
5.46,0.0002318204124725741
5.46,0.0002318204124725741
4.85,0.0002318204124725741
4.85,0.0002318204124725741
7.79,0.0002318204124725741
7.79,0.0002318204124725741
7.79,0.0002318204124725741
2.32,0.00024817333521612875
2.32,0.00024817333521612875
5.09,0.00024817333521612875
5.09,0.00024817333521612875
4.85,0.0002318204124725741
4.85,0.0002318204124725741
4.85,0.0002318204124725741
7.79,0.0002318204124725741
7.79,0.0002318204124725741
7.79,0.0002318204124725741
2.32,0.00024817333521612875
2.32,0.00024817333521612875
5.09,0.00024817333521612875
5.09,0.00024817333521612875
1.73,0.00022906505145381777
1.73,0.00022906505145381777
7.92,0.00022906505145381777
7.92,0.00022906505145381777
7.92,0.00022906505145381777
1.92,0.0002318204124725741
1.92,0.0002318204124725741
2.32,0.00024817333521612875
2.32,0.00024817333521612875
5.09,0.00024817333521612875
5.09,0.00024817333521612875
1.73,0.00023345576174429517
1.73,0.00023345576174429517
7.92,0.00023345576174429517
7.92,0.00023345576174429517
7.92,0.00023345576174429517
1.92,0.00024267052380382668
1.92,0.00024267052380382668
0.71,0.000211727925073616
0.71,0.000211727925073616
0.71,0.000211727925073616
1.73,0.00023345576174429517
1.73,0.00023345576174429517
1.32,0.000217241756440244
1.32,0.000217241756440244
1.32,0.000217241756440244
0.71,0.000211727925073616
0.71,0.000211727925073616
0.71,0.000211727925073616
2.36,0.0002234675989365437
2.36,0.0002234675989365437
2.36,0.0002234675989365437
1.32,0.000217241756440244
1.32,0.000217241756440244
1.32,0.000217241756440244
0.71,0.000211727925073616
0.71,0.000211727925073616
0.71,0.000211727925073616
3.86,0.00022721525363019227
3.86,0.00022721525363019227
3.86,0.00022721525363019227
2.47,0.00024548099914942467
2.47,0.00024548099914942467
2.47,0.00024548099914942467
2.36,0.0002234675989365437
2.36,0.0002234675989365437
2.36,0.0002234675989365437
1.32,0.000217241756440244
1.32,0.000217241756440244
1.32,0.000217241756440244
6.38,0.00020952376829643337
6.38,0.00020952376829643337
6.38,0.00020952376829643337
3.86,0.00022721525363019227
3.86,0.00022721525363019227
3.86,0.00022721525363019227
3.63,0.00024548099914942467
3.63,0.00024548099914942467
3.63,0.00024548099914942467
3.63,0.00024548099914942467
2.47,0.00024548099914942467
2.47,0.00024548099914942467
2.47,0.00024548099914942467
2.36,0.0002234675989365437
2.36,0.0002234675989365437
2.36,0.0002234675989365437
6.38,0.00020952376829643337
6.38,0.00020952376829643337
6.38,0.00020952376829643337
3.86,0.00022721525363019227
3.86,0.00022721525363019227
3.86,0.00022721525363019227
3.63,0.00024548099914942467
3.63,0.00024548099914942467
3.63,0.00024548099914942467
3.63,0.00024548099914942467
2.47,0.00024548099914942467
2.47,0.00024548099914942467
2.47,0.00024548099914942467
2.52,0.00023345576174429517
2.52,0.00023345576174429517
2.52,0.00023345576174429517
3.63,0.00024548099914942467
3.63,0.00024548099914942467
0.59,0.0002092648360372132
0.59,0.0002092648360372132
2.52,0.00023345576174429517
2.52,0.00023345576174429517
2.52,0.00023345576174429517
5.39,0.0002411366265212428
5.39,0.0002411366265212428
5.39,0.0002411366265212428
2.75,0.0002124224328326312
2.75,0.0002124224328326312
2.75,0.0002124224328326312
6.94,0.0002124224328326312
6.94,0.0002124224328326312
0.59,0.0002092648360372132
0.59,0.0002092648360372132
5.39,0.0002411366265212428
5.39,0.0002411366265212428
5.39,0.0002411366265212428
2.75,0.0002124224328326312
2.75,0.0002124224328326312
2.75,0.0002124224328326312
6.94,0.0002124224328326312
6.94,0.0002124224328326312
0.59,0.0002092648360372132
0.59,0.0002092648360372132
2.75,0.0002124224328326312
2.75,0.0002124224328326312
2.75,0.0002124224328326312
6.94,0.0002124224328326312
6.94,0.0002124224328326312
0.81,0.0002092648360372132
0.81,0.0002092648360372132
0.81,0.0002092648360372132
4.83,0.00024267052380382668
4.83,0.00024267052380382668
4.83,0.00024267052380382668
0.81,0.0002092648360372132
0.81,0.0002092648360372132
0.81,0.0002092648360372132
2.61,0.0002236307156989109
2.61,0.0002236307156989109
4.83,0.00024267052380382668
3.0,0.00024267052380382668
3.0,0.00024267052380382668
3.0,0.00024267052380382668
2.61,0.0002236307156989109
2.61,0.0002236307156989109
3.0,0.00024267052380382668
3.0,0.00024267052380382668
3.0,0.00024267052380382668
4.07,0.00022758763844244877
4.07,0.00022758763844244877
4.07,0.00022758763844244877
1.7,0.000226874996019486
1.7,0.000226874996019486
2.61,0.0002236307156989109
2.61,0.0002236307156989109
4.07,0.00022758763844244877
4.07,0.00022758763844244877
4.07,0.00022758763844244877
4.95,0.00022758763844244877
1.34,0.0002092648360372132
1.34,0.0002092648360372132
1.34,0.0002092648360372132
2.17,0.000226874996019486
2.17,0.000226874996019486
1.7,0.000226874996019486
1.7,0.000226874996019486
4.07,0.00022758763844244877
4.07,0.00022758763844244877
4.07,0.00022758763844244877
4.95,0.00022758763844244877
1.34,0.0002092648360372132
1.34,0.0002092648360372132
1.34,0.0002092648360372132
2.17,0.000226874996019486
2.17,0.000226874996019486
1.7,0.000226874996019486
1.7,0.000226874996019486
1.81,0.0002236307156989109
1.81,0.0002236307156989109
1.81,0.0002236307156989109
4.95,0.00022758763844244877
4.95,0.00022758763844244877
9.38,0.000217241756440244
9.38,0.000217241756440244
1.34,0.0002092648360372132
2.74,0.0002092648360372132
2.74,0.0002092648360372132
2.17,0.000226874996019486
2.17,0.000226874996019486
0.85,0.00020952376829643337
0.85,0.00020952376829643337
1.81,0.0002236307156989109
1.81,0.0002236307156989109
1.81,0.0002236307156989109
11.94,0.00023345576174429517
11.94,0.00023345576174429517
3.39,0.00021187019774147807
3.39,0.00021187019774147807
3.39,0.00021187019774147807
3.39,0.00021187019774147807
3.66,0.0002124224328326312
3.66,0.0002124224328326312
3.4,0.0002124224328326312
3.4,0.0002124224328326312
3.4,0.0002124224328326312
9.38,0.000217241756440244
9.38,0.000217241756440244
1.34,0.0002092648360372132
2.74,0.0002092648360372132
2.74,0.0002092648360372132
0.85,0.00020952376829643337
0.85,0.00020952376829643337
2.61,0.0002236307156989109
2.61,0.0002236307156989109
2.61,0.0002236307156989109
11.94,0.00023345576174429517
11.94,0.00023345576174429517
3.63,0.00023345576174429517
2.63,0.00024267052380382668
2.63,0.00024267052380382668
2.63,0.00024267052380382668
3.39,0.00021187019774147807
3.39,0.00021187019774147807
3.39,0.00021187019774147807
3.39,0.00021187019774147807
3.66,0.0002124224328326312
3.66,0.0002124224328326312
3.4,0.0002124224328326312
3.4,0.0002124224328326312
3.4,0.0002124224328326312
9.38,0.000217241756440244
9.38,0.000217241756440244
2.74,0.0002092648360372132
2.74,0.0002092648360372132
0.85,0.00020952376829643337
0.85,0.00020952376829643337
2.61,0.0002236307156989109
2.61,0.0002236307156989109
2.61,0.0002236307156989109
11.94,0.00023345576174429517
11.94,0.00023345576174429517
3.63,0.00023345576174429517
2.63,0.00024267052380382668
2.63,0.00024267052380382668
2.63,0.00024267052380382668
3.39,0.00021187019774147807
3.39,0.00021187019774147807
3.39,0.00021187019774147807
3.66,0.00021187019774147807
3.66,0.0002124224328326312
3.66,0.0002124224328326312
3.63,0.00023345576174429517
3.63,0.00023345576174429517
3.63,0.00023345576174429517
2.63,0.00024267052380382668
2.63,0.00024267052380382668
2.63,0.00024267052380382668
3.66,0.00021187019774147807
3.66,0.0002124224328326312
3.66,0.0002124224328326312
3.79,0.00023345576174429517
3.79,0.00023345576174429517
3.79,0.00023345576174429517
6.67,0.0002124224328326312
6.67,0.0002124224328326312
3.79,0.00023345576174429517
3.79,0.00023345576174429517
3.79,0.00023345576174429517
3.11,0.0002124224328326312
3.11,0.0002124224328326312
6.67,0.0002124224328326312
6.67,0.0002124224328326312
3.79,0.00023345576174429517
3.79,0.00023345576174429517
3.79,0.00023345576174429517
3.11,0.0002124224328326312
3.11,0.0002124224328326312
6.09,0.0002124224328326312
6.09,0.0002124224328326312
6.09,0.0002124224328326312
3.11,0.00021288791413904783
3.11,0.00021288791413904783
6.09,0.00021288791413904783
6.09,0.00021288791413904783
6.09,0.00021288791413904783
4.93,0.0002143685147647028
4.93,0.0002143685147647028
4.93,0.0002143685147647028
4.93,0.0002143685147647028
4.93,0.0002143685147647028
4.93,0.0002143685147647028
11.1,0.00023061253941404535
11.1,0.0002369670051690045
11.1,0.0002369670051690045
11.09,0.00021159620961404597
11.09,0.00021159620961404597
4.93,0.0002143685147647028
4.93,0.0002143685147647028
4.93,0.0002143685147647028
11.1,0.00023061253941404535
11.1,0.00023061253941404535
11.1,0.0002369670051690045
3.42,0.0002175443580645753
3.42,0.0002175443580645753
3.42,0.0002175443580645753
11.09,0.00021159620961404597
11.09,0.00021159620961404597
0.92,0.00021235840758490905
0.92,0.00021235840758490905
11.1,0.00023061253941404535
11.1,0.00023061253941404535
11.1,0.0002369670051690045
3.42,0.0002175443580645753
3.42,0.0002175443580645753
3.42,0.0002175443580645753
1.52,0.0002175443580645753
1.52,0.0002175443580645753
11.09,0.00021159620961404597
11.09,0.00021159620961404597
0.92,0.00021235840758490905
0.92,0.00021235840758490905
3.42,0.0002175443580645753
3.42,0.0002175443580645753
3.42,0.0002175443580645753
1.52,0.0002175443580645753
1.52,0.0002175443580645753
1.52,0.0002175443580645753
1.52,0.0002175443580645753
5.44,0.0002175443580645753
5.44,0.0002175443580645753
1.69,0.0002093622097750594
1.69,0.0002093622097750594
1.43,0.0002093622097750594
2.21,0.0002121109047011174
2.21,0.0002121109047011174
5.44,0.0002175443580645753
5.44,0.0002175443580645753
1.69,0.0002093622097750594
1.69,0.0002093622097750594
1.43,0.0002093622097750594
2.21,0.0002121109047011174
2.21,0.0002121109047011174
5.44,0.0002175443580645753
5.44,0.0002175443580645753
2.26,0.00021493129104283596
2.26,0.00021493129104283596
1.69,0.0002093622097750594
1.69,0.0002093622097750594
1.43,0.0002093622097750594
2.21,0.0002104716953976899
2.21,0.0002121109047011174
2.26,0.00021493129104283596
2.26,0.00021493129104283596
2.96,0.0002121109047011174
2.96,0.0002121109047011174
2.96,0.0002121109047011174
2.56,0.0002084154633145114
2.56,0.0002084154633145114
2.56,0.0002084154633145114
2.96,0.0002121109047011174
2.96,0.0002121109047011174
2.96,0.0002121109047011174
2.72,0.0002084154633145114
2.72,0.0002084154633145114
2.72,0.0002084154633145114
2.56,0.0002084154633145114
2.96,0.0002121109047011174
2.96,0.0002121109047011174
2.96,0.0002121109047011174
2.72,0.0002084154633145114
2.72,0.0002084154633145114
2.72,0.0002084154633145114
2.56,0.0002084154633145114
1.27,0.0002093622097750594
1.27,0.0002093622097750594
1.27,0.0002093622097750594
6.1,0.0002121109047011174
6.1,0.0002121109047011174
6.1,0.0002121109047011174
1.59,0.0002084154633145114
1.59,0.0002084154633145114
1.59,0.0002084154633145114
1.27,0.0002093622097750594
1.27,0.0002093622097750594
1.27,0.0002093622097750594
5.98,0.0002104716953976899
5.98,0.0002104716953976899
6.1,0.0002121109047011174
6.1,0.0002121109047011174
6.1,0.0002121109047011174
1.59,0.0002084154633145114
1.59,0.0002084154633145114
1.59,0.0002084154633145114
1.27,0.0002093622097750594
1.27,0.0002093622097750594
1.27,0.0002093622097750594
1.55,0.0002118176274681368
1.55,0.0002118176274681368
5.98,0.0002104716953976899
5.98,0.0002104716953976899
6.1,0.0002121109047011174
6.1,0.0002121109047011174
6.1,0.0002121109047011174
3.6,0.00020767063180769904
3.6,0.00020767063180769904
3.6,0.00020767063180769904
1.55,0.0002118176274681368
1.55,0.0002118176274681368
3.21,0.00022249349663993893
3.21,0.00022249349663993893
5.98,0.0002104716953976899
5.98,0.0002104716953976899
3.6,0.00020767063180769904
3.6,0.00020767063180769904
3.6,0.00020767063180769904
7.74,0.00022249349663993893
7.74,0.00022249349663993893
7.74,0.00022249349663993893
7.74,0.00022249349663993893
7.74,0.00022249349663993893
7.74,0.00022249349663993893
5.29,0.00020596398346120004
5.29,0.00020596398346120004
5.29,0.00020596398346120004
5.29,0.00020596398346120004
3.66,0.0002201745019362328
3.66,0.0002201745019362328
3.66,0.0002201745019362328
5.29,0.00020533690800912316
5.29,0.00020533690800912316
0.57,0.0002137697629955228
0.57,0.00021735432424120448
0.57,0.00021735432424120448
3.66,0.0002201745019362328
3.66,0.0002201745019362328
3.66,0.0002201745019362328
1.41,0.00020533690800912316
1.41,0.00020533690800912316
5.89,0.0002173039919186385
5.89,0.0002173039919186385
5.89,0.0002173039919186385
0.57,0.0002137697629955228
0.57,0.0002137697629955228
0.57,0.00021735432424120448
3.66,0.00021943368514781904
3.66,0.0002201745019362328
3.66,0.0002201745019362328
1.41,0.00020533690800912316
1.41,0.00020533690800912316
5.89,0.0002173039919186385
5.89,0.0002173039919186385
5.89,0.0002173039919186385
0.35,0.00021943368514781904
0.35,0.00021943368514781904
0.35,0.00021943368514781904
0.35,0.00021943368514781904
0.35,0.00021943368514781904
0.35,0.00021943368514781904
0.35,0.00021943368514781904
0.35,0.00021943368514781904
0.35,0.00021943368514781904
3.58,0.0002162144462870895
3.58,0.0002162144462870895
3.58,0.0002162144462870895
3.58,0.0002162144462870895
3.58,0.0002162144462870895
3.58,0.0002162144462870895
3.58,0.0002162144462870895
3.58,0.0002162144462870895
3.03,0.0002162144462870895
3.03,0.0002162144462870895
3.03,0.0002162144462870895
3.03,0.0002162144462870895
3.03,0.0002162144462870895
3.03,0.0002162144462870895
3.03,0.0002162144462870895
3.03,0.0002162144462870895
0.2,0.0002146596676977021
0.2,0.0002146596676977021
0.2,0.0002146596676977021
1.67,0.0001970689314052077
1.67,0.0001970689314052077
1.67,0.0001970689314052077
3.03,0.0002162144462870895
3.03,0.0002162144462870895
3.03,0.0002162144462870895
0.2,0.0002146596676977021
0.2,0.0002146596676977021
0.2,0.0002146596676977021
1.67,0.0001970689314052077
1.67,0.0001970689314052077
1.67,0.0001970689314052077
1.78,0.00022465413689738025
1.78,0.00022465413689738025
0.2,0.0002146596676977021
0.2,0.0002146596676977021
0.2,0.0002146596676977021
1.67,0.0001970689314052077
1.67,0.0001970689314052077
1.67,0.0001970689314052077
1.78,0.00022465413689738025
1.78,0.00022465413689738025
4.29,0.0002201745019362328
4.29,0.0002201745019362328
4.29,0.0002201745019362328
1.78,0.00022465413689738025
1.78,0.00022465413689738025
4.29,0.0002201745019362328
4.29,0.0002201745019362328
4.29,0.0002201745019362328
2.52,0.0002201745019362328
2.52,0.0002201745019362328
1.65,0.00021854562393539765
1.65,0.00021854562393539765
2.52,0.0002201745019362328
2.52,0.0002201745019362328
1.65,0.00021854562393539765
1.65,0.00021854562393539765
1.65,0.00021854562393539765
1.65,0.00021854562393539765
0.28,0.00021735432424120448
0.28,0.00021735432424120448
2.52,0.00020533690800912316
2.52,0.00020533690800912316
2.52,0.0002086122124452601
2.11,0.00020246624975652405
2.11,0.0002137697629955228
0.85,0.00021735432424120448
0.85,0.00021735432424120448
0.85,0.00021735432424120448
0.28,0.00021735432424120448
0.28,0.00021735432424120448
2.52,0.00020533690800912316
2.52,0.00020533690800912316
2.52,0.0002086122124452601
2.11,0.00020246624975652405
2.11,0.00020246624975652405
0.85,0.00021735432424120448
0.85,0.00021735432424120448
0.85,0.00021735432424120448
0.28,0.00021735432424120448
0.28,0.00021735432424120448
2.52,0.00020533690800912316
2.52,0.00020533690800912316
2.52,0.00020533690800912316
2.11,0.00020246624975652405
2.11,0.00020246624975652405
0.85,0.00021735432424120448
0.85,0.00021735432424120448
0.85,0.00021735432424120448
0.85,0.00021735432424120448
0.85,0.00021735432424120448
2.65,0.00021589982204982003
2.65,0.00021589982204982003
2.65,0.00021589982204982003
2.65,0.00021589982204982003
2.95,0.0002137697629955228
2.95,0.0002137697629955228
2.95,0.00021735432424120448
2.65,0.00021589982204982003
2.65,0.00021589982204982003
2.65,0.00021589982204982003
2.65,0.00021589982204982003
4.13,0.0002210185307799517
4.13,0.0002210185307799517
4.13,0.0002210185307799517
2.95,0.0002269864429547523
2.95,0.0002269864429547523
2.95,0.0002269864429547523
1.62,0.00021375824711954765
1.62,0.00021375824711954765
1.62,0.00021375824711954765
4.13,0.0002210185307799517
4.13,0.0002210185307799517
4.13,0.0002210185307799517
2.95,0.0002269864429547523
2.95,0.0002269864429547523
2.95,0.0002269864429547523
1.62,0.00021375824711954765
1.62,0.00021375824711954765
1.62,0.00021375824711954765
4.13,0.0002210185307799517
4.13,0.0002210185307799517
4.13,0.0002210185307799517
1.62,0.00021375824711954765
1.62,0.00021375824711954765
1.62,0.00021375824711954765
2.23,0.0002288505546891827
2.23,0.0002288505546891827
2.23,0.0002288505546891827
3.48,0.0002210185307799517
3.48,0.0002210185307799517
3.48,0.0002210185307799517
2.23,0.0002288505546891827
2.23,0.0002288505546891827
2.23,0.0002288505546891827
4.12,0.00022947873283358415
4.12,0.00022947873283358415
4.12,0.0002210185307799517
3.48,0.0002210185307799517
2.28,0.00022928103576559544
2.28,0.00022928103576559544
2.28,0.00022928103576559544
2.23,0.0002288505546891827
2.23,0.0002288505546891827
2.23,0.0002288505546891827
2.2,0.00021222864362694367
2.2,0.00021222864362694367
2.2,0.00021222864362694367
4.12,0.00022947873283358415
4.12,0.00022947873283358415
4.12,0.0002210185307799517
3.48,0.0002210185307799517
2.28,0.00022928103576559544
2.28,0.00022928103576559544
2.28,0.00022928103576559544
1.9,0.00021222864362694367
2.2,0.00021222864362694367
2.2,0.00021222864362694367
2.28,0.00022928103576559544
2.28,0.00022928103576559544
2.28,0.00022928103576559544
1.9,0.00021222864362694367
1.9,0.00021222864362694367
1.9,0.00021222864362694367
1.97,0.00022375052962765425
1.97,0.00022375052962765425
2.07,0.0002146863914021969
2.07,0.0002146863914021969
2.07,0.0002146863914021969
2.07,0.0002146863914021969
1.18,0.0002356988254845129
1.18,0.0002356988254845129
1.18,0.0002356988254845129
1.75,0.00022375052962765425
1.75,0.00022375052962765425
1.75,0.00021375824711954765
2.07,0.0002146863914021969
2.07,0.0002146863914021969
2.07,0.0002146863914021969
2.07,0.0002146863914021969
4.15,0.0002240774234799774
4.15,0.0002240774234799774
4.15,0.0002240774234799774
3.37,0.00023315313329436296
3.37,0.00023315313329436296
1.18,0.0002356988254845129
1.18,0.0002356988254845129
1.18,0.0002356988254845129
1.75,0.00022375052962765425
1.75,0.00022375052962765425
1.75,0.00022375052962765425
4.15,0.0002240774234799774
4.15,0.0002240774234799774
4.15,0.0002240774234799774
4.15,0.0002240774234799774
2.76,0.0002240774234799774
2.76,0.0002240774234799774
2.76,0.0002240774234799774
3.37,0.00023315313329436296
3.37,0.00023315313329436296
1.89,0.00023279892899167603
1.89,0.00023279892899167603
1.89,0.00023279892899167603
1.18,0.0002356988254845129
1.18,0.0002356988254845129
1.18,0.0002356988254845129
1.75,0.00022375052962765425
1.75,0.00022375052962765425
1.75,0.00022375052962765425
4.15,0.0002240774234799774
4.15,0.0002240774234799774
4.15,0.0002240774234799774
4.15,0.0002240774234799774
2.76,0.0002240774234799774
2.76,0.0002240774234799774
2.76,0.0002240774234799774
3.37,0.00023315313329436296
3.37,0.00023315313329436296
1.89,0.00023279892899167603
1.89,0.00023279892899167603
1.89,0.00023279892899167603
4.15,0.0002240774234799774
4.15,0.0002240774234799774
4.15,0.0002240774234799774
2.76,0.0002240774234799774
2.76,0.0002240774234799774
2.76,0.0002240774234799774
1.89,0.00023279892899167603
1.89,0.00023279892899167603
1.89,0.00023279892899167603
3.12,0.00023279892899167603
3.12,0.0002356988254845129
3.12,0.0002356988254845129
2.07,0.00023279892899167603
2.07,0.00023279892899167603
2.07,0.0002356988254845129
3.12,0.0002356988254845129
8.25,0.00022072149128796756
8.25,0.00022072149128796756
2.07,0.00023279892899167603
2.07,0.00023279892899167603
2.07,0.00023279892899167603
3.12,0.0002356988254845129
1.6,0.0002240774234799774
1.6,0.0002240774234799774
1.6,0.0002240774234799774
15.37,0.00022072149128796756
15.37,0.00022072149128796756
15.37,0.00022072149128796756
2.07,0.00023279892899167603
2.07,0.00023279892899167603
2.07,0.00023279892899167603
1.6,0.0002240774234799774
1.6,0.0002240774234799774
1.6,0.0002240774234799774
15.37,0.00022072149128796756
15.37,0.00022072149128796756
15.37,0.00022072149128796756
15.37,0.00022072149128796756
15.37,0.00022072149128796756
15.37,0.00022072149128796756
1.9,0.0002284194890893199
1.9,0.0002284194890893199
1.08,0.0002210185307799517
1.08,0.0002210185307799517
5.89,0.00022072149128796756
5.89,0.00022072149128796756
1.9,0.0002284194890893199
1.9,0.0002284194890893199
1.08,0.0002210185307799517
1.08,0.0002210185307799517
1.14,0.0002210185307799517
1.14,0.0002269864429547523
1.14,0.0002269864429547523
5.89,0.00022072149128796756
5.89,0.00022072149128796756
5.89,0.00022072149128796756
1.9,0.0002284194890893199
1.9,0.0002284194890893199
1.14,0.0002210185307799517
1.14,0.0002210185307799517
1.14,0.0002269864429547523
0.75,0.0002269864429547523
0.75,0.0002269864429547523
0.75,0.0002269864429547523
5.89,0.00022072149128796756
5.89,0.00022072149128796756
5.89,0.00022072149128796756
0.95,0.0002375033985928378
0.95,0.0002375033985928378
0.95,0.0002375033985928378
1.14,0.0002375033985928378
1.14,0.0002375033985928378
1.14,0.00023567268004144184
1.78,0.00023567268004144184
1.78,0.00023567268004144184
0.75,0.00023567268004144184
0.75,0.00023567268004144184
1.4,0.0002278341642768677
1.4,0.0002346774667480019
5.89,0.00022534574285258625
5.89,0.00022534574285258625
5.89,0.00022534574285258625
0.69,0.00022448833394363583
0.69,0.00022448833394363583
0.95,0.0002375033985928378
0.95,0.0002375033985928378
0.95,0.0002375033985928378
0.95,0.0002375033985928378
0.66,0.0002375033985928378
0.66,0.0002375033985928378
0.66,0.00023567268004144184
1.78,0.00023567268004144184
1.78,0.00023567268004144184
1.32,0.00023567268004144184
1.32,0.00023567268004144184
2.69,0.00022387762867556051
4.56,0.00022387762867556051
4.56,0.00022387762867556051
4.56,0.00022387762867556051
1.4,0.0002278341642768677
1.4,0.0002278341642768677
3.48,0.0002346774667480019
3.48,0.0002346774667480019
3.48,0.0002346774667480019
0.69,0.00022448833394363583
0.69,0.00022448833394363583
0.95,0.0002375033985928378
0.95,0.0002375033985928378
0.95,0.0002375033985928378
0.95,0.0002375033985928378
0.66,0.0002375033985928378
0.66,0.0002375033985928378
0.66,0.00023567268004144184
1.78,0.00023567268004144184
1.78,0.00023567268004144184
1.32,0.00023567268004144184
1.32,0.00023567268004144184
2.69,0.00022387762867556051
4.56,0.00022387762867556051
4.56,0.00022387762867556051
4.56,0.00022387762867556051
3.48,0.0002346774667480019
3.48,0.0002346774667480019
3.48,0.0002346774667480019
0.69,0.00022448833394363583
0.69,0.00022448833394363583
0.66,0.0002375033985928378
0.66,0.0002375033985928378
0.66,0.0002375033985928378
1.32,0.00023567268004144184
1.32,0.00023567268004144184
1.32,0.00023567268004144184
2.69,0.00022387762867556051
4.56,0.00022387762867556051
4.56,0.00022387762867556051
4.56,0.00022387762867556051
3.12,0.0002346774667480019
3.12,0.0002346774667480019
3.12,0.0002346774667480019
3.12,0.0002346774667480019
3.48,0.0002346774667480019
3.48,0.0002346774667480019
3.48,0.0002346774667480019
5.58,0.00022534574285258625
5.58,0.00022534574285258625
1.34,0.0002375033985928378
1.34,0.0002375033985928378
0.88,0.0002375033985928378
0.88,0.0002375033985928378
0.88,0.00023567268004144184
3.12,0.0002346774667480019
3.12,0.0002346774667480019
9.35,0.0002346774667480019
9.35,0.0002346774667480019
5.58,0.00022534574285258625
5.58,0.00022534574285258625
1.58,0.00021793013715293224
1.58,0.00021793013715293224
1.34,0.0002375033985928378
1.34,0.0002375033985928378
0.88,0.0002375033985928378
0.88,0.0002375033985928378
0.88,0.0002375033985928378
3.12,0.0002278341642768677
2.35,0.0002346774667480019
9.35,0.0002346774667480019
9.35,0.0002346774667480019
5.58,0.00022534574285258625
5.58,0.00022534574285258625
1.33,0.0002318935223982365
1.33,0.0002318935223982365
1.33,0.0002318935223982365
1.58,0.00021793013715293224
1.58,0.00021793013715293224
0.88,0.0002375033985928378
0.88,0.0002375033985928378
0.88,0.0002375033985928378
2.69,0.0002346774667480019
9.35,0.0002346774667480019
9.35,0.0002346774667480019
1.33,0.0002318935223982365
1.33,0.0002318935223982365
1.33,0.0002318935223982365
1.58,0.00021793013715293224
1.58,0.00021793013715293224
0.88,0.0002375033985928378
0.88,0.0002375033985928378
0.63,0.00023567268004144184
0.63,0.00023567268004144184
2.69,0.0002278341642768677
2.69,0.0002346774667480019
2.69,0.0002346774667480019
2.27,0.0002328154080684644
2.27,0.0002328154080684644
0.63,0.00023567268004144184
0.63,0.00023567268004144184
2.69,0.0002278341642768677
2.69,0.0002346774667480019
2.69,0.0002346774667480019
2.27,0.0002328154080684644
2.27,0.0002328154080684644
1.46,0.0002328154080684644
3.46,0.00021793013715293224
3.46,0.00021793013715293224
3.46,0.00021793013715293224
0.63,0.00023567268004144184
0.63,0.00023567268004144184
1.46,0.0002328154080684644
1.46,0.0002328154080684644
1.46,0.0002328154080684644
3.46,0.0002328154080684644
3.46,0.00021793013715293224
3.46,0.00021793013715293224
2.28,0.0002318935223982365
2.28,0.0002318935223982365
3.46,0.0002328154080684644
3.46,0.00021793013715293224
3.46,0.00021793013715293224
0.54,0.00023567268004144184
0.54,0.00023567268004144184
0.54,0.00023567268004144184
3.96,0.0002346774667480019
3.96,0.0002346774667480019
4.58,0.00022534574285258625
4.58,0.00022534574285258625
4.58,0.00022534574285258625
2.28,0.0002318935223982365
2.28,0.0002318935223982365
2.99,0.0002120614059069281
2.99,0.0002120614059069281
0.54,0.00023567268004144184
0.54,0.00023567268004144184
0.54,0.00023567268004144184
2.93,0.000225380760196461
2.93,0.000225380760196461
3.96,0.0002278341642768677
3.96,0.0002346774667480019
4.58,0.00022534574285258625
4.58,0.00022534574285258625
4.58,0.00022534574285258625
2.28,0.0002318935223982365
2.28,0.0002318935223982365
2.99,0.0002120614059069281
2.99,0.0002120614059069281
2.93,0.000225380760196461
2.93,0.000225380760196461
3.96,0.0002278341642768677
3.96,0.0002346774667480019
2.93,0.000225380760196461
2.93,0.000225380760196461
2.23,0.00022319568625697825
4.01,0.00022319568625697825
4.01,0.00022319568625697825
4.01,0.00022319568625697825
2.23,0.00022319568625697825
4.01,0.00022319568625697825
3.77,0.00022319568625697825
3.77,0.00022319568625697825
3.77,0.00022319568625697825
2.23,0.00022319568625697825
2.69,0.00022319568625697825
3.77,0.00022319568625697825
3.77,0.00022319568625697825
3.77,0.00022319568625697825
3.0,0.00022319568625697825
3.0,0.00022319568625697825
3.0,0.00022319568625697825
2.69,0.00022319568625697825
2.69,0.00022319568625697825
2.69,0.00022319568625697825
3.0,0.00022319568625697825
3.0,0.00022319568625697825
3.0,0.00022319568625697825
0.35,0.0002375033985928378
0.35,0.0002375033985928378
0.35,0.0002375033985928378
0.35,0.0002375033985928378
1.1,0.0002375033985928378
1.1,0.0002375033985928378
1.1,0.0002375033985928378
0.26,0.0002375033985928378
0.26,0.0002375033985928378
1.1,0.0002375033985928378
1.1,0.0002375033985928378
1.1,0.0002375033985928378
0.26,0.0002375033985928378
0.26,0.0002375033985928378
1.1,0.0002375033985928378
1.1,0.0002375033985928378
1.1,0.0002375033985928378
1.99,0.0002328154080684644
1.99,0.0002328154080684644
1.99,0.0002328154080684644
0.26,0.0002375033985928378
0.26,0.0002375033985928378
1.99,0.0002328154080684644
1.99,0.0002328154080684644
1.99,0.0002328154080684644
0.23,0.0002375033985928378
0.23,0.0002375033985928378
0.23,0.0002375033985928378
0.53,0.0002375033985928378
0.53,0.0002375033985928378
0.53,0.0002375033985928378
0.23,0.0002375033985928378
0.23,0.0002375033985928378
0.23,0.0002375033985928378
0.53,0.0002375033985928378
0.53,0.0002375033985928378
0.53,0.0002375033985928378
0.23,0.0002375033985928378
0.23,0.0002375033985928378
0.23,0.0002375033985928378
2.78,0.0002283465160761492
2.78,0.0002283465160761492
12.52,0.00022484259143775424
12.52,0.00022484259143775424
2.78,0.0002242027606560173
2.78,0.0002242027606560173
9.78,0.00022014267666573825
9.78,0.00022014267666573825
12.52,0.00022484259143775424
12.52,0.00022484259143775424
1.93,0.0002242027606560173
1.93,0.0002242027606560173
1.93,0.0002242027606560173
2.78,0.0002242027606560173
2.78,0.0002242027606560173
9.78,0.00022014267666573825
9.78,0.00022014267666573825
1.93,0.0002242027606560173
1.93,0.0002242027606560173
1.93,0.0002242027606560173
9.78,0.00022014267666573825
9.78,0.00022014267666573825
2.75,0.00022014267666573825
2.75,0.00022014267666573825
2.75,0.00022014267666573825
2.44,0.00022806186570050555
2.44,0.00022806186570050555
2.44,0.00022806186570050555
6.37,0.0002166671099135863
6.37,0.0002166671099135863
6.37,0.0002166671099135863
1.93,0.0002242027606560173
1.93,0.0002242027606560173
1.93,0.0002242027606560173
2.75,0.00022014267666573825
2.75,0.00022014267666573825
2.75,0.00022014267666573825
2.44,0.00022806186570050555
2.44,0.00022806186570050555
2.44,0.00022806186570050555
6.37,0.0002166671099135863
6.37,0.0002166671099135863
6.37,0.0002166671099135863
1.57,0.0002273697335072239
1.57,0.0002273697335072239
1.57,0.0002273697335072239
2.75,0.00022014267666573825
2.75,0.00022014267666573825
2.75,0.00022014267666573825
2.44,0.00022806186570050555
2.44,0.00022806186570050555
2.44,0.00022806186570050555
6.37,0.0002166671099135863
6.37,0.0002166671099135863
6.37,0.0002166671099135863
1.57,0.0002273697335072239
1.57,0.0002273697335072239
1.57,0.0002273697335072239
4.32,0.0002243621675025682
4.32,0.0002243621675025682
4.32,0.0002243621675025682
4.32,0.0002243621675025682
4.32,0.0002243621675025682
4.32,0.0002243621675025682
2.2,0.0002242027606560173
2.2,0.0002242027606560173
2.2,0.00022014267666573825
2.85,0.0002262332451018343
2.85,0.0002262332451018343
2.85,0.0002262332451018343
3.0,0.0002242027606560173
3.0,0.0002242027606560173
2.2,0.0002242027606560173
2.2,0.0002242027606560173
2.2,0.00022014267666573825
2.85,0.0002262332451018343
2.85,0.0002262332451018343
2.85,0.0002262332451018343
3.0,0.0002242027606560173
3.0,0.0002242027606560173
2.85,0.0002262332451018343
2.85,0.0002262332451018343
2.85,0.0002262332451018343
2.06,0.00022014267666573825
2.06,0.00022014267666573825
2.98,0.00021632765479793505
2.98,0.00021632765479793505
2.98,0.00021632765479793505
0.73,0.00022484259143775424
0.73,0.00022387825027380288
0.73,0.00022387825027380288
2.06,0.00022014267666573825
2.06,0.00022014267666573825
2.98,0.00021632765479793505
2.98,0.00021632765479793505
2.98,0.00021632765479793505
0.73,0.00022484259143775424
0.73,0.00022484259143775424
0.73,0.00022387825027380288
2.06,0.00022014267666573825
2.06,0.00022014267666573825
2.98,0.00021632765479793505
2.98,0.00021632765479793505
2.98,0.00021632765479793505
0.73,0.00022484259143775424
0.73,0.00022484259143775424
0.73,0.00022387825027380288
2.35,0.0002242027606560173
2.35,0.0002242027606560173
2.35,0.0002242027606560173
2.35,0.0002242027606560173
2.35,0.0002242027606560173
2.35,0.0002242027606560173
0.23,0.00022387825027380288
0.23,0.00022387825027380288
2.35,0.0002242027606560173
2.35,0.0002242027606560173
2.35,0.0002242027606560173
0.23,0.00022387825027380288
0.23,0.00022387825027380288
0.7,0.0002166671099135863
0.7,0.0002166671099135863
0.23,0.00022387825027380288
0.23,0.00022387825027380288
0.7,0.0002166671099135863
0.7,0.0002166671099135863
3.3,0.00021632765479793505
3.3,0.00021632765479793505
0.7,0.0002166671099135863
0.7,0.0002166671099135863
16.12,0.00021632765479793505
16.12,0.00021632765479793505
16.12,0.00021632765479793505
16.12,0.00021632765479793505
16.12,0.00021632765479793505
16.12,0.00021632765479793505
16.12,0.00021632765479793505
16.12,0.00021632765479793505
16.12,0.00021632765479793505
5.98,0.00022387825027380288
5.98,0.00022387825027380288
5.98,0.00022387825027380288
3.99,0.00022806186570050555
3.99,0.00022806186570050555
3.99,0.00022806186570050555
5.98,0.0002185248940226655
5.98,0.0002185248940226655
5.98,0.0002185248940226655
3.99,0.00023213570662280304
3.99,0.00023213570662280304
3.99,0.00023213570662280304
5.98,0.0002185248940226655
5.98,0.0002185248940226655
5.98,0.0002185248940226655
3.99,0.00023213570662280304
3.99,0.00023213570662280304
3.99,0.00023213570662280304
3.89,0.0002185248940226655
3.71,0.0002185248940226655
3.71,0.0002185248940226655
0.64,0.0002185248940226655
5.98,0.0002185248940226655
5.98,0.0002185248940226655
3.08,0.00021755691263814755
3.08,0.00021755691263814755
3.08,0.00021755691263814755
3.89,0.0002185248940226655
3.71,0.0002185248940226655
3.71,0.0002185248940226655
0.64,0.0002185248940226655
0.58,0.00022638732007982637
0.58,0.00022638732007982637
3.64,0.00022088145130019608
3.64,0.00022088145130019608
3.64,0.00022088145130019608
3.08,0.00021755691263814755
3.08,0.00021755691263814755
3.08,0.00021755691263814755
1.08,0.00022787978740890176
1.08,0.00022787978740890176
1.08,0.00022787978740890176
2.77,0.0002185248940226655
2.77,0.0002185248940226655
0.64,0.0002185248940226655
0.58,0.00022638732007982637
0.58,0.00022638732007982637
3.64,0.00022088145130019608
3.64,0.00022088145130019608
3.64,0.00022088145130019608
3.08,0.00021755691263814755
3.08,0.00021755691263814755
3.08,0.00021755691263814755
1.08,0.00022787978740890176
1.08,0.00022787978740890176
1.08,0.00022787978740890176
2.77,0.0002185248940226655
2.77,0.0002185248940226655
0.58,0.00022638732007982637
0.58,0.00022638732007982637
1.08,0.00022787978740890176
2.77,0.00022787978740890176
2.77,0.00022787978740890176
2.77,0.0002185248940226655
6.25,0.0002205627606754744
6.25,0.0002205627606754744
1.89,0.00022638732007982637
1.89,0.00022638732007982637
1.89,0.00022638732007982637
2.66,0.00021869020503667837
2.66,0.00021869020503667837
2.66,0.00021869020503667837
2.77,0.00022787978740890176
2.77,0.00022787978740890176
6.25,0.0002205627606754744
6.25,0.0002205627606754744
1.89,0.00021954141957622445
1.89,0.00022638732007982637
1.89,0.00022638732007982637
2.66,0.00021869020503667837
2.66,0.00021869020503667837
2.66,0.00021869020503667837
6.25,0.0002205627606754744
6.25,0.0002205627606754744
2.66,0.00021869020503667837
2.66,0.00021869020503667837
2.66,0.00021869020503667837
2.27,0.00021460573961847395
2.27,0.00021460573961847395
2.27,0.00021460573961847395
7.11,0.0002258342747989496
7.11,0.0002258342747989496
7.11,0.00022892417849389168
2.27,0.00021460573961847395
2.27,0.00021460573961847395
2.27,0.00021460573961847395
1.9,0.0002185248940226655
1.9,0.0002185248940226655
6.05,0.0002251292908689053
6.05,0.0002251292908689053
6.05,0.0002251292908689053
7.11,0.0002258342747989496
7.11,0.0002258342747989496
7.11,0.00022892417849389168
1.9,0.0002185248940226655
1.9,0.0002185248940226655
6.05,0.0002251292908689053
6.05,0.0002251292908689053
6.05,0.0002251292908689053
3.02,0.00023597493709744203
3.02,0.00023597493709744203
1.42,0.00023597493709744203
1.42,0.00023597493709744203
3.02,0.00023597493709744203
3.02,0.00023597493709744203
3.02,0.00023597493709744203
1.42,0.00023597493709744203
1.42,0.00023597493709744203
3.02,0.00023597493709744203
3.02,0.00023597493709744203
3.02,0.00023597493709744203
3.02,0.00023597493709744203
3.02,0.00023597493709744203
3.02,0.00023597493709744203
4.68,0.00021870402693166568
4.68,0.00021870402693166568
4.68,0.00021870402693166568
4.68,0.00021870402693166568
1.4,0.00021766184283604023
1.4,0.00021766184283604023
1.4,0.00021766184283604023
1.4,0.00021766184283604023
1.4,0.00021766184283604023
1.4,0.00021766184283604023
1.85,0.0002196505045259052
1.85,0.0002196505045259052
1.85,0.0002196505045259052
1.85,0.0002196505045259052
1.85,0.0002196505045259052
1.85,0.0002196505045259052
8.14,0.00021785686346951632
8.14,0.00021785686346951632
4.14,0.00022826496026324272
4.14,0.00022826496026324272
4.14,0.00022826496026324272
1.65,0.0002316023263394176
1.65,0.0002316023263394176
2.61,0.0002316023263394176
8.14,0.00021785686346951632
8.14,0.00021785686346951632
5.62,0.00022826496026324272
5.62,0.00022826496026324272
5.62,0.00022826496026324272
4.14,0.00022826496026324272
2.48,0.00022826496026324272
1.65,0.0002316023263394176
1.65,0.0002316023263394176
2.61,0.0002316023263394176
3.96,0.00022826496026324272
5.62,0.00022826496026324272
5.62,0.00022826496026324272
5.62,0.00022826496026324272
4.14,0.00022826496026324272
2.48,0.00022826496026324272
1.65,0.0002316023263394176
1.65,0.0002316023263394176
2.61,0.0002316023263394176
3.96,0.00022826496026324272
3.96,0.00022826496026324272
3.96,0.00022826496026324272
2.48,0.00022826496026324272
2.48,0.00022826496026324272
2.48,0.00022826496026324272
2.22,0.0002084456226561057
2.22,0.0002084456226561057
2.22,0.0002084456226561057
3.96,0.00022826496026324272
3.96,0.00022826496026324272
3.96,0.00022826496026324272
3.91,0.0002232995143729011
3.91,0.0002232995143729011
3.91,0.0002232995143729011
2.22,0.0002084456226561057
2.22,0.0002084456226561057
2.22,0.0002084456226561057
2.53,0.00022229127491678975
2.53,0.00022229127491678975
2.53,0.00022229127491678975
3.96,0.00022826496026324272
3.96,0.00022826496026324272
3.91,0.0002232995143729011
3.91,0.0002232995143729011
3.91,0.0002232995143729011
2.53,0.00022229127491678975
2.53,0.00022229127491678975
2.53,0.00022229127491678975
2.56,0.00021766184283604023
2.56,0.00021766184283604023
2.56,0.00021766184283604023
2.51,0.0002193908319930417
2.51,0.0002193908319930417
2.51,0.0002193908319930417
2.56,0.00021766184283604023
2.56,0.00021766184283604023
2.56,0.00021766184283604023
2.51,0.0002193908319930417
2.51,0.0002193908319930417
2.51,0.0002193908319930417
2.51,0.0002193908319930417
2.51,0.0002193908319930417
2.51,0.0002193908319930417
4.39,0.00023133745217433888
4.39,0.00023133745217433888
4.39,0.00023133745217433888
3.3,0.00021766184283604023
3.3,0.00021766184283604023
3.3,0.00021766184283604023
2.35,0.0002316023263394176
2.35,0.0002316023263394176
2.35,0.0002316023263394176
4.39,0.00023133745217433888
4.39,0.00023133745217433888
4.39,0.00023133745217433888
3.3,0.00021766184283604023
3.3,0.00021766184283604023
3.3,0.00021766184283604023
2.35,0.0002316023263394176
2.35,0.0002316023263394176
2.35,0.0002316023263394176
4.39,0.00023133745217433888
4.39,0.00023133745217433888
4.39,0.00023133745217433888
2.61,0.00021766184283604023
2.61,0.00021766184283604023
2.61,0.00021766184283604023
5.09,0.0002232995143729011
5.09,0.0002232995143729011
5.09,0.0002232995143729011
2.77,0.0002232995143729011
5.09,0.00023419076823349072
5.09,0.00021993605345596383
5.09,0.00021993605345596383
2.77,0.00021993605345596383
2.32,0.0002202071111353021
2.32,0.0002202071111353021
5.09,0.00023419076823349072
5.09,0.00021993605345596383
5.09,0.00021993605345596383
2.77,0.00021993605345596383
2.32,0.0002202071111353021
2.32,0.0002202071111353021
1.88,0.00023419076823349072
1.88,0.00023419076823349072
1.88,0.00023419076823349072
1.88,0.00023419076823349072
1.88,0.00023419076823349072
1.88,0.00023419076823349072
1.88,0.00023419076823349072
1.88,0.00023419076823349072
1.88,0.00023419076823349072
10.14,0.0002214252422718431
10.14,0.0002214252422718431
10.14,0.0002214252422718431
10.14,0.0002214252422718431
10.14,0.0002214252422718431
10.14,0.0002214252422718431
11.36,0.0002214252422718431
11.36,0.00021082082670367453
2.33,0.0002257388248152484
2.33,0.0002257388248152484
10.14,0.0002214252422718431
10.14,0.0002214252422718431
10.14,0.0002214252422718431
11.36,0.0002214252422718431
11.36,0.00021082082670367453
2.33,0.0002257388248152484
2.33,0.0002257388248152484
3.43,0.0002214252422718431
3.43,0.0002214252422718431
3.43,0.0002214252422718431
2.45,0.00023419076823349072
2.45,0.00023419076823349072
2.45,0.00023419076823349072
2.45,0.00023419076823349072
2.45,0.00023419076823349072
2.45,0.00023419076823349072
2.45,0.00023419076823349072
2.45,0.00023419076823349072
2.45,0.00023419076823349072
1.27,0.0002214252422718431
1.27,0.0002214252422718431
1.27,0.00021082082670367453
2.54,0.0002214252422718431
2.54,0.0002214252422718431
2.54,0.0002214252422718431
2.54,0.0002214252422718431
2.54,0.0002214252422718431
2.54,0.0002214252422718431
2.56,0.00022379794745250908
2.56,0.00022379794745250908
2.56,0.00022379794745250908
0.94,0.0002256592978423168
0.94,0.00021414281021521028
0.94,0.00021414281021521028
2.56,0.00022379794745250908
2.56,0.00022379794745250908
2.56,0.00022379794745250908
0.94,0.0002256592978423168
0.94,0.00021414281021521028
0.94,0.00021414281021521028
1.88,0.0002237178597363433
1.88,0.0002237178597363433
1.27,0.00022129106505077827
1.27,0.00022129106505077827
1.27,0.00022129106505077827
1.88,0.0002237178597363433
1.88,0.0002237178597363433
1.27,0.00022129106505077827
1.27,0.00022129106505077827
1.27,0.00022129106505077827
1.88,0.0002237178597363433
1.88,0.0002237178597363433
2.49,0.0002217710152489515
2.49,0.0002217710152489515
2.49,0.0002217710152489515
2.49,0.0002217710152489515
2.49,0.0002217710152489515
2.49,0.0002217710152489515
2.49,0.0002217710152489515
2.49,0.0002217710152489515
2.49,0.0002217710152489515
2.16,0.0002118320825493304
2.16,0.0002118320825493304
2.16,0.0002118320825493304
2.16,0.0002118320825493304
2.16,0.0002118320825493304
2.16,0.0002118320825493304
2.16,0.0002118320825493304
2.16,0.0002118320825493304
2.16,0.0002118320825493304
2.29,0.00021877304214151056
3.11,0.00021877304214151056
3.11,0.00022235833711889029
3.11,0.00022235833711889029
8.29,0.00022376285462231865
8.29,0.00021807717032568303
8.29,0.00021807717032568303
2.29,0.00021877304214151056
3.11,0.00021877304214151056
3.11,0.00021877304214151056
3.11,0.00022235833711889029
8.29,0.00022376285462231865
8.29,0.00021807717032568303
8.29,0.00021807717032568303
2.29,0.00021877304214151056
3.11,0.00021877304214151056
3.11,0.00021877304214151056
3.11,0.00022235833711889029
4.76,0.00022750782413072967
4.76,0.00022750782413072967
1.17,0.00022750782413072967
1.17,0.00022750782413072967
1.17,0.00022750782413072967
4.76,0.00022750782413072967
4.76,0.00022750782413072967
1.17,0.00022750782413072967
1.17,0.00022750782413072967
1.17,0.00022750782413072967
3.65,0.00022106226651165777
3.65,0.00022106226651165777
3.65,0.00022106226651165777
1.17,0.00022750782413072967
1.17,0.00022750782413072967
1.17,0.00022750782413072967
3.65,0.00022106226651165777
3.65,0.00022106226651165777
3.65,0.00022106226651165777
3.65,0.00022106226651165777
3.65,0.00022106226651165777
3.65,0.00022106226651165777
10.47,0.0002216853860818513
10.47,0.0002216853860818513
10.47,0.0002216853860818513
10.47,0.0002216853860818513
10.47,0.0002216853860818513
10.47,0.0002216853860818513
2.69,0.0002125559955656213
2.69,0.0002125559955656213
2.08,0.0002216853860818513
2.08,0.0002216853860818513
2.08,0.0002216853860818513
2.69,0.0002125559955656213
2.69,0.0002125559955656213
2.08,0.0002216853860818513
2.08,0.0002216853860818513
2.08,0.0002216853860818513
2.08,0.0002216853860818513
2.08,0.0002216853860818513
2.08,0.0002216853860818513
1.97,0.00021780667946299983
1.97,0.00021780667946299983
1.97,0.00021780667946299983
1.97,0.00021780667946299983
1.97,0.00021780667946299983
1.97,0.00021780667946299983
2.35,0.0002199890791126808
2.35,0.0002199890791126808
2.35,0.0002199890791126808
2.35,0.0002199890791126808
2.35,0.0002199890791126808
2.35,0.0002199890791126808
2.35,0.0002199890791126808
2.35,0.0002199890791126808
2.35,0.0002199890791126808
1.61,0.00021370454293028143
1.61,0.00021370454293028143
1.61,0.00021370454293028143
1.61,0.00021370454293028143
3.99,0.0002199890791126808
3.99,0.0002199890791126808
1.61,0.00021370454293028143
1.61,0.00021370454293028143
2.8,0.00023039921980164336
2.8,0.00023039921980164336
2.8,0.00023039921980164336
3.99,0.0002199890791126808
3.99,0.0002199890791126808
2.8,0.00023039921980164336
2.8,0.00023039921980164336
2.8,0.00023039921980164336
3.99,0.0002199890791126808
3.99,0.0002199890791126808
2.8,0.00023039921980164336
2.8,0.00023039921980164336
2.8,0.00023039921980164336
2.98,0.00020951034501350728
2.98,0.00020951034501350728
2.98,0.00020951034501350728
2.98,0.00020951034501350728
2.98,0.00020951034501350728
2.98,0.00020951034501350728
4.48,0.0002152716621405688
4.48,0.0002152716621405688
4.48,0.0002152716621405688
4.48,0.0002152716621405688
4.48,0.0002152716621405688
4.48,0.0002152716621405688
1.6,0.0002209494684683078
1.6,0.0002209494684683078
1.6,0.0002209494684683078
1.6,0.0002209494684683078
1.6,0.0002209494684683078
1.6,0.0002209494684683078
1.6,0.0002209494684683078
1.6,0.0002209494684683078
1.6,0.0002209494684683078
2.01,0.00020584511274443287
2.01,0.00020584511274443287
2.01,0.00020584511274443287
2.01,0.00020584511274443287
2.01,0.00020584511274443287
2.01,0.00020584511274443287
2.01,0.00020584511274443287
2.01,0.00020584511274443287
2.01,0.00020584511274443287
3.28,0.0001853573397910595
3.28,0.0001853573397910595
3.28,0.0001853573397910595
3.28,0.0001785286795425473
3.28,0.0001853573397910595
3.28,0.0001853573397910595
3.28,0.0001785286795425473
3.28,0.0001853573397910595
3.28,0.0001853573397910595
2.02,0.00020831982858874175
2.02,0.00020831982858874175
2.02,0.00020831982858874175
2.02,0.00020831982858874175
1.76,0.00019559880240309523
1.76,0.00019559880240309523
1.76,0.00019559880240309523
1.76,0.00019559880240309523
1.76,0.00019559880240309523
1.76,0.00019559880240309523
1.7,0.00019559880240309523
1.7,0.00019559880240309523
1.7,0.00019559880240309523
1.7,0.00019559880240309523
1.7,0.00019559880240309523
1.7,0.00019559880240309523
1.7,0.00019559880240309523
1.7,0.00019559880240309523
1.7,0.00019559880240309523
1.57,0.00017465620508854793
1.57,0.00017465620508854793
1.57,0.00017465620508854793
1.57,0.00017465620508854793
1.57,0.00017465620508854793
1.57,0.00017465620508854793
1.57,0.00017465620508854793
1.57,0.00017465620508854793
1.57,0.00017465620508854793
3.97,0.0001791842274436247
3.97,0.0001791842274436247
3.97,0.0001791842274436247
4.23,0.0001791842274436247
3.97,0.0001791842274436247
3.97,0.0001791842274436247
3.97,0.0001791842274436247
4.23,0.0001791842274436247
4.23,0.0001791842274436247
4.23,0.0001791842274436247
4.23,0.0001791842274436247
1.02,0.0001863169509168853
1.02,0.0001863169509168853
1.02,0.0001863169509168853
1.02,0.0001863169509168853
1.02,0.0001863169509168853
1.02,0.0001863169509168853
1.02,0.0001863169509168853
1.02,0.0001863169509168853
1.02,0.0001863169509168853
3.55,0.00016068967764568874
3.55,0.00016068967764568874
3.55,0.00016068967764568874
3.55,0.00016068967764568874
3.55,0.00016068967764568874
3.55,0.00016068967764568874
3.55,0.00016068967764568874
3.55,0.00016068967764568874
3.55,0.00016068967764568874
8.46,0.0001761611432886228
8.46,0.0001761611432886228
8.46,0.0001761611432886228
8.97,0.0001761611432886228
8.97,0.0001761611432886228
8.46,0.0001761611432886228
8.97,0.0001761611432886228
8.97,0.0001761611432886228
8.46,0.0001761611432886228
8.97,0.0001761611432886228
8.97,0.0001761611432886228
4.73,0.00018517542834100276
4.73,0.00018517542834100276
4.73,0.00018517542834100276
4.73,0.00018517542834100276
4.73,0.00018517542834100276
4.73,0.00018517542834100276
4.73,0.00018517542834100276
4.73,0.00018517542834100276
4.73,0.00018517542834100276
5.66,0.00017964418040140954
5.66,0.00017964418040140954
5.66,0.00017964418040140954
5.66,0.00017964418040140954
5.66,0.00017964418040140954
5.66,0.00017964418040140954
5.66,0.00017964418040140954
5.66,0.00017964418040140954
5.66,0.00017964418040140954
6.68,0.00018329649185867852
6.68,0.00018329649185867852
6.68,0.00018329649185867852
6.68,0.00018329649185867852
6.68,0.00018329649185867852
6.68,0.00018329649185867852
6.68,0.00018329649185867852
6.68,0.00018329649185867852
6.68,0.00018329649185867852
3.66,0.00017823251248591288
3.66,0.00017823251248591288
3.66,0.00017823251248591288
3.66,0.00017823251248591288
5.39,0.00017823251248591288
3.66,0.00017823251248591288
3.66,0.00017823251248591288
5.39,0.00017823251248591288
5.39,0.00017823251248591288
5.39,0.00017823251248591288
5.39,0.00017823251248591288
4.8,0.00017985746680464912
4.8,0.00017985746680464912
4.8,0.00017985746680464912
0.97,0.0001814815651043749
0.97,0.0001814815651043749
0.97,0.0001814815651043749
4.8,0.00017985746680464912
4.8,0.00017985746680464912
4.8,0.00017985746680464912
0.97,0.0001814815651043749
0.97,0.0001814815651043749
0.97,0.0001814815651043749
4.8,0.00017985746680464912
4.8,0.00017985746680464912
4.8,0.00017985746680464912
0.97,0.0001814815651043749
0.97,0.0001814815651043749
0.97,0.0001814815651043749
7.41,0.0001877239341336056
7.41,0.0001877239341336056
7.41,0.0001877239341336056
7.41,0.0001877239341336056
7.41,0.0001877239341336056
7.41,0.0001877239341336056
7.41,0.0001877239341336056
7.41,0.0001877239341336056
7.41,0.0001877239341336056
6.53,0.00017182552912335696
6.53,0.00017182552912335696
6.53,0.00017182552912335696
6.53,0.00017182552912335696
6.53,0.00017182552912335696
6.53,0.00017182552912335696
6.53,0.00017182552912335696
6.53,0.00017182552912335696
6.53,0.00017182552912335696
4.39,0.00018659542735440304
4.39,0.00018659542735440304
4.39,0.00018659542735440304
4.39,0.00018659542735440304
4.39,0.00018659542735440304
4.39,0.00018659542735440304
4.39,0.00018659542735440304
4.39,0.00018659542735440304
4.39,0.00018659542735440304
3.23,0.00025955175058065303
3.23,0.00025955175058065303
3.23,0.00025955175058065303
3.23,0.00025955175058065303
2.22,0.00025955175058065303
2.22,0.00025955175058065303
2.22,0.00025955175058065303
3.23,0.00025955175058065303
2.22,0.00025955175058065303
2.22,0.00025955175058065303
2.22,0.00025955175058065303
2.22,0.00025955175058065303
2.22,0.00025955175058065303
2.22,0.00025955175058065303
4.03,0.0001834570109277382
4.03,0.0001834570109277382
4.03,0.0001834570109277382
4.03,0.0001834570109277382
4.03,0.0001834570109277382
4.03,0.0001834570109277382
4.03,0.0001834570109277382
4.03,0.0001834570109277382
4.03,0.0001834570109277382
2.85,0.0002766030250729002
2.85,0.0002766030250729002
2.85,0.0002766030250729002
2.85,0.0002766030250729002
2.85,0.0002766030250729002
2.85,0.0002766030250729002
2.85,0.0002766030250729002
2.85,0.0002766030250729002
2.85,0.0002766030250729002
3.39,0.0002722696200787635
3.39,0.0002722696200787635
3.39,0.0002722696200787635
3.39,0.0002722696200787635
3.39,0.0002722696200787635
3.39,0.0002722696200787635
3.39,0.0002722696200787635
3.39,0.0002722696200787635
3.39,0.0002722696200787635
1.68,0.0002404219293655413
1.68,0.0002404219293655413
1.68,0.0002404219293655413
1.68,0.0002404219293655413
1.68,0.0002404219293655413
1.68,0.0002404219293655413
1.68,0.0002404219293655413
1.68,0.0002404219293655413
1.68,0.0002404219293655413
2.5,0.0002774261000888783
2.5,0.0002774261000888783
2.5,0.0002774261000888783
2.5,0.0002774261000888783
2.5,0.0002774261000888783
2.5,0.0002774261000888783
2.1,0.0002774261000888783
2.5,0.0002774261000888783
2.5,0.0002774261000888783
2.5,0.0002774261000888783
2.1,0.0002774261000888783
2.5,0.0002774261000888783
2.5,0.0002774261000888783
2.5,0.0002774261000888783
2.1,0.0002774261000888783
3.6,0.00026625614403546415
3.6,0.00026625614403546415
3.6,0.00026625614403546415
3.6,0.00026625614403546415
3.6,0.00026625614403546415
3.6,0.00026625614403546415
10.59,0.00021802515155214657
10.59,0.00021802515155214657
0.84,0.00028172652218762457
0.84,0.00028172652218762457
0.84,0.00028172652218762457
10.59,0.00021802515155214657
10.59,0.00021802515155214657
2.88,0.00028172652218762457
2.88,0.00028172652218762457
2.88,0.00028172652218762457
10.59,0.00021284481761531303
10.59,0.00021802515155214657
2.88,0.00028172652218762457
2.88,0.00028172652218762457
2.88,0.00028172652218762457
2.88,0.00028172652218762457
2.88,0.00028172652218762457
2.88,0.00028172652218762457
2.75,0.00027157106494724536
2.75,0.00027157106494724536
2.75,0.00027157106494724536
2.75,0.00027157106494724536
1.23,0.00025652413775909303
2.75,0.00027157106494724536
2.75,0.00027157106494724536
2.75,0.00027157106494724536
1.23,0.00025652413775909303
2.75,0.00025652413775909303
2.75,0.00027157106494724536
2.75,0.00027157106494724536
2.75,0.00027157106494724536
1.23,0.0002477964136822872
1.73,0.00025946264596961847
1.73,0.00025946264596961847
1.73,0.00025946264596961847
1.73,0.00025946264596961847
1.73,0.00025946264596961847
1.73,0.00025946264596961847
1.73,0.00025946264596961847
1.73,0.00025946264596961847
1.23,0.0002477964136822872
1.73,0.00025946264596961847
1.73,0.00025946264596961847
3.21,0.00025946264596961847
3.21,0.00025946264596961847
3.21,0.00025946264596961847
3.21,0.00025946264596961847
3.21,0.00025946264596961847
3.21,0.00025946264596961847
1.07,0.00020065102762497312
1.07,0.00020065102762497312
1.07,0.00020065102762497312
1.07,0.00020065102762497312
1.07,0.00020065102762497312
1.07,0.00020065102762497312
1.07,0.00020065102762497312
1.07,0.00020065102762497312
1.07,0.00020065102762497312
6.5,0.00024614314957255355
6.5,0.00024614314957255355
6.5,0.00024614314957255355
6.65,0.00024614314957255355
6.5,0.00024614314957255355
6.5,0.00024614314957255355
6.5,0.00024614314957255355
6.65,0.00024614314957255355
6.5,0.00024614314957255355
6.5,0.00024614314957255355
6.5,0.00024614314957255355
6.65,0.00024614314957255355
2.98,0.0002531795612779881
2.98,0.0002531795612779881
2.98,0.0002531795612779881
2.98,0.0002531795612779881
2.98,0.0002531795612779881
2.98,0.0002531795612779881
2.98,0.0002531795612779881
2.98,0.0002531795612779881
2.98,0.0002531795612779881
3.38,0.0002643574375380158
3.38,0.0002643574375380158
3.38,0.0002643574375380158
3.38,0.0002643574375380158
3.38,0.0002643574375380158
3.38,0.0002643574375380158
3.92,0.00019717931422979097
3.92,0.00019717931422979097
3.92,0.00019717931422979097
3.92,0.00019825708166057015
3.92,0.00019825708166057015
3.92,0.00019825708166057015
3.92,0.00019825708166057015
3.92,0.00019825708166057015
3.92,0.00019825708166057015
3.46,0.00021394410517385344
3.46,0.00021394410517385344
3.46,0.00021394410517385344
3.46,0.00021394410517385344
3.46,0.00021394410517385344
3.46,0.00021394410517385344
3.46,0.00021394410517385344
3.46,0.00021394410517385344
3.46,0.00021394410517385344
3.46,0.00021394410517385344
3.46,0.00021394410517385344
3.46,0.00021394410517385344
3.46,0.00021394410517385344
3.46,0.00021394410517385344
0.52,0.00019138437820012265
0.52,0.00019138437820012265
0.52,0.00019138437820012265
0.52,0.00019138437820012265
0.52,0.00019138437820012265
0.52,0.00019138437820012265
0.52,0.00019138437820012265
0.52,0.00019138437820012265
0.52,0.00019138437820012265
3.15,0.00024859572745749626
3.15,0.00024859572745749626
3.15,0.00024859572745749626
3.15,0.00024859572745749626
3.15,0.00024859572745749626
3.15,0.00024859572745749626
3.15,0.00024859572745749626
3.15,0.00024859572745749626
3.15,0.00024859572745749626
2.59,0.0001980040767363319
3.54,0.0001980040767363319
3.54,0.0001980040767363319
3.54,0.0001980040767363319
2.59,0.0001980040767363319
3.54,0.0001980040767363319
3.54,0.0001980040767363319
3.54,0.0001980040767363319
2.59,0.0001980040767363319
3.54,0.0001980040767363319
3.54,0.0001980040767363319
3.54,0.0001980040767363319
1.08,0.000201589400587474
1.08,0.000201589400587474
1.08,0.000201589400587474
1.08,0.000201589400587474
1.08,0.000201589400587474
1.08,0.000201589400587474
1.08,0.000201589400587474
1.08,0.000201589400587474
1.08,0.000201589400587474
2.05,0.00019939677852202008
2.05,0.00019939677852202008
2.05,0.00019939677852202008
2.05,0.00019939677852202008
2.05,0.00019939677852202008
2.05,0.00019939677852202008
2.05,0.00019939677852202008
2.05,0.00019939677852202008
2.05,0.00019939677852202008
0.6,0.00018955874913669323
0.6,0.00018955874913669323
0.6,0.00018955874913669323
0.6,0.00018955874913669323
0.6,0.00018955874913669323
0.6,0.00018955874913669323
0.6,0.00019090089801811333
0.6,0.00019090089801811333
0.6,0.00019090089801811333
0.62,0.00017346486877964102
0.62,0.00017346486877964102
0.62,0.00017346486877964102
0.62,0.00017346486877964102
0.62,0.00017346486877964102
0.62,0.00017346486877964102
0.62,0.00017162068843714744
0.62,0.00017162068843714744
0.62,0.00017162068843714744
1.23,0.00017894218602768351
1.23,0.00017894218602768351
1.23,0.00017894218602768351
1.23,0.00017894218602768351
1.23,0.00017894218602768351
1.23,0.00017894218602768351
1.23,0.00017894218602768351
1.23,0.00017894218602768351
1.23,0.00017894218602768351
0.66,0.0001746386811486706
0.66,0.0001746386811486706
0.66,0.0001746386811486706
0.66,0.0001746386811486706
0.66,0.0001746386811486706
0.66,0.0001746386811486706
0.66,0.0001746386811486706
0.66,0.0001746386811486706
0.66,0.0001746386811486706
1.58,0.00018079223911103047
1.58,0.00018079223911103047
1.58,0.00018079223911103047
1.58,0.00018079223911103047
1.58,0.00018079223911103047
1.58,0.00018079223911103047
1.58,0.00018079223911103047
1.58,0.00018079223911103047
1.58,0.00018079223911103047
3.45,0.0001893566228548931
3.45,0.0001893566228548931
3.45,0.0001893566228548931
3.45,0.0001893566228548931
3.45,0.0001893566228548931
3.45,0.0001893566228548931
3.45,0.0001893566228548931
3.45,0.0001893566228548931
3.45,0.0001893566228548931
3.93,0.0001817440372419292
3.93,0.0001817440372419292
2.72,0.0001817440372419292
3.93,0.0001817440372419292
3.93,0.0001817440372419292
2.72,0.0001817440372419292
3.93,0.0001817440372419292
3.93,0.0001817440372419292
0.83,0.000186332008359293
0.83,0.000186332008359293
0.83,0.000186332008359293
0.83,0.000186332008359293
2.8,0.000186332008359293
2.8,0.000186332008359293
2.8,0.000186332008359293
0.83,0.000186332008359293
2.8,0.000186332008359293
2.8,0.000186332008359293
2.8,0.000186332008359293
0.83,0.000186332008359293
0.83,0.000186332008359293
3.0,0.00018451623967270924
3.0,0.00018451623967270924
3.0,0.00018451623967270924
3.0,0.00018451623967270924
2.72,0.00017851185279496533
2.72,0.00017851185279496533
2.72,0.00017851185279496533
2.72,0.00017851185279496533
2.72,0.00017851185279496533
2.72,0.00017851185279496533
2.72,0.00017851185279496533
2.72,0.00017851185279496533
2.72,0.00017851185279496533
3.0,0.00019929374212730212
3.0,0.00019929374212730212
3.0,0.00019929374212730212
3.0,0.00019929374212730212
3.0,0.00019929374212730212
3.0,0.00019929374212730212
3.0,0.00019929374212730212
3.0,0.00019929374212730212
3.0,0.00019929374212730212
3.83,0.000201030731813312
3.83,0.000201030731813312
3.83,0.000201030731813312
3.83,0.000201030731813312
3.83,0.000201030731813312
3.83,0.000201030731813312
3.02,0.00020289666409131744
3.02,0.00020289666409131744
3.02,0.00020289666409131744
3.02,0.00020289666409131744
3.02,0.00020289666409131744
3.02,0.00020289666409131744
5.06,0.0001928791216408496
5.06,0.0001928791216408496
5.06,0.0001928791216408496
2.26,0.0001928791216408496
2.26,0.0001928791216408496
2.26,0.0001928791216408496
5.06,0.0001928791216408496
5.06,0.0001928791216408496
5.06,0.0001928791216408496
2.26,0.0001928791216408496
2.26,0.0001928791216408496
2.26,0.0001928791216408496
5.06,0.0001928791216408496
5.06,0.0001928791216408496
5.06,0.0001928791216408496
2.26,0.0001928791216408496
2.26,0.0001928791216408496
2.26,0.0001928791216408496
3.61,0.0001928791216408496
3.61,0.0001928791216408496
4.9,0.0001928791216408496
1.42,0.0001928791216408496
1.42,0.0001928791216408496
3.61,0.0001928791216408496
3.61,0.0001928791216408496
4.9,0.0001928791216408496
1.42,0.0001928791216408496
1.42,0.0001928791216408496
3.61,0.0001928791216408496
3.61,0.0001928791216408496
1.51,0.0001928791216408496
1.51,0.0001928791216408496
1.51,0.0001928791216408496
1.51,0.0001928791216408496
1.51,0.0001928791216408496
1.51,0.0001928791216408496
1.51,0.0001928791216408496
1.51,0.0001928791216408496
1.51,0.0001928791216408496
4.06,0.00019725184039381136
4.06,0.00019725184039381136
4.06,0.00019725184039381136
2.33,0.0002072947222681605
2.33,0.0002072947222681605
2.33,0.0002072947222681605
4.06,0.00019725184039381136
4.06,0.00019725184039381136
4.06,0.00019725184039381136
3.47,0.00019668671870718692
3.47,0.00019668671870718692
2.4,0.0002072947222681605
2.4,0.0002072947222681605
2.4,0.0002072947222681605
4.06,0.00019725184039381136
4.06,0.00019725184039381136
4.06,0.00019725184039381136
3.47,0.00019668671870718692
3.47,0.00019668671870718692
2.4,0.0002072947222681605
2.4,0.0002072947222681605
2.4,0.0002072947222681605
7.01,0.00019725184039381136
7.01,0.00019725184039381136
7.01,0.00019725184039381136
8.72,0.00019725184039381136
8.72,0.00019725184039381136
8.72,0.00019725184039381136
8.72,0.00019725184039381136
8.72,0.00019725184039381136
8.72,0.00019725184039381136
7.01,0.00019725184039381136
9.22,0.00019725184039381136
9.22,0.00019725184039381136
7.01,0.00019725184039381136
0.94,0.0002031243299263304
2.18,0.00020593136820563955
2.18,0.00020593136820563955
2.18,0.00020593136820563955
0.94,0.0002031243299263304
2.18,0.00020593136820563955
2.18,0.00020593136820563955
2.18,0.00020593136820563955
0.94,0.0002031243299263304
2.18,0.00020593136820563955
2.18,0.00020593136820563955
2.18,0.00020593136820563955
3.0,0.00020593136820563955
3.0,0.00020593136820563955
3.0,0.00020593136820563955
3.0,0.00020593136820563955
3.0,0.00020593136820563955
3.0,0.00020593136820563955
3.0,0.00019845363610586147
3.0,0.00019845363610586147
3.0,0.00019845363610586147
1.97,0.00020334313950685505
1.97,0.00020334313950685505
1.97,0.00020334313950685505
1.97,0.00020334313950685505
1.97,0.00020334313950685505
1.97,0.00020334313950685505
6.66,0.000170962436791629
6.66,0.000170962436791629
6.66,0.000170962436791629
6.66,0.000170962436791629
6.66,0.000170962436791629
6.66,0.000170962436791629
0.7,0.00019878674212439468
0.7,0.00019878674212439468
0.7,0.00019878674212439468
0.7,0.00019878674212439468
0.7,0.00019878674212439468
0.7,0.00019878674212439468
1.64,0.00020817050037507095
1.64,0.00020817050037507095
1.64,0.00020817050037507095
1.64,0.00020817050037507095
0.7,0.00019878674212439468
0.7,0.00019878674212439468
0.7,0.00019878674212439468
1.64,0.00020817050037507095
1.64,0.00020817050037507095
1.64,0.00020817050037507095
1.64,0.00020817050037507095
2.61,0.00020817050037507095
2.61,0.00020817050037507095
2.61,0.00020817050037507095
2.41,0.0001839029827725188
2.41,0.0001839029827725188
2.41,0.0001839029827725188
2.41,0.0001839029827725188
2.41,0.0001839029827725188
2.41,0.0001839029827725188
2.41,0.0001839029827725188
2.41,0.0001839029827725188
2.41,0.0001839029827725188
3.5,0.0001965468015367173
3.5,0.0001965468015367173
3.5,0.0001965468015367173
3.5,0.0001965468015367173
3.5,0.0001965468015367173
3.5,0.0001965468015367173
2.17,0.00019809397507003124
2.17,0.00019809397507003124
2.17,0.00019809397507003124
2.17,0.00019809397507003124
2.17,0.00019809397507003124
2.17,0.00019809397507003124
1.22,0.0001962403351583853
1.22,0.0001962403351583853
1.22,0.0001962403351583853
1.22,0.0001962403351583853
2.17,0.0001965468015367173
2.17,0.0001965468015367173
2.17,0.0001839029827725188
2.17,0.0001965468015367173
2.17,0.0001965468015367173
2.17,0.0001839029827725188
3.06,0.00020557412617203932
3.06,0.00020557412617203932
2.76,0.00020557412617203932
3.06,0.00020557412617203932
3.06,0.00020557412617203932
2.76,0.00020557412617203932
3.14,0.0002000185879655125
3.14,0.0002000185879655125
3.14,0.0002000185879655125
3.14,0.0002000185879655125
3.14,0.0002000185879655125
3.14,0.0002000185879655125
3.14,0.0002000185879655125
3.14,0.0002000185879655125
3.14,0.0002000185879655125
2.72,0.0002034407242510109
2.72,0.0002034407242510109
2.72,0.0002034407242510109
2.72,0.0002034407242510109
2.72,0.0002034407242510109
2.72,0.0002034407242510109
2.01,0.000202444783963771
2.01,0.000202444783963771
2.01,0.000202444783963771
2.01,0.000202444783963771
2.01,0.000202444783963771
2.01,0.000202444783963771
2.97,0.00019895168819872132
2.97,0.00019895168819872132
2.97,0.00019895168819872132
2.97,0.00019895168819872132
2.97,0.00019895168819872132
2.97,0.00019895168819872132
3.43,0.0001850407055151484
3.43,0.0001850407055151484
3.43,0.0001850407055151484
4.04,0.00020006442607235355
4.04,0.00020006442607235355
4.04,0.00020006442607235355
3.43,0.0001850407055151484
3.43,0.0001850407055151484
3.43,0.0001850407055151484
2.99,0.000204141536304747
4.04,0.00020006442607235355
4.04,0.00020006442607235355
4.04,0.00020006442607235355
2.99,0.000204141536304747
4.04,0.00020006442607235355
4.04,0.00020006442607235355
4.04,0.00020006442607235355
3.88,0.00019959194823519769
3.88,0.00019959194823519769
3.88,0.00019959194823519769
3.88,0.00019959194823519769
0.99,0.00019069627057104971
0.99,0.00019069627057104971
0.99,0.00019069627057104971
0.99,0.00019069627057104971
0.99,0.00019069627057104971
0.99,0.00019069627057104971
3.39,0.00019406189556524448
3.39,0.0001939325362100021
3.39,0.0001939325362100021
3.39,0.0002023353065123649
3.39,0.0002006836829831036
3.39,0.0002006836829831036
2.65,0.00019498214494924676
2.65,0.00019498214494924676
2.65,0.00019498214494924676
2.65,0.00019498214494924676
2.65,0.00019498214494924676
2.65,0.00019498214494924676
2.41,0.00019380440948572243
2.41,0.00019380440948572243
2.41,0.00019380440948572243
2.41,0.00019380440948572243
2.41,0.00019380440948572243
2.41,0.00019380440948572243
2.41,0.00019380440948572243
2.41,0.00019380440948572243
2.41,0.00019380440948572243
6.1,0.0001929584664069804
6.1,0.0001929584664069804
6.1,0.0001929584664069804
6.1,0.0001929584664069804
6.1,0.0001929584664069804
6.1,0.0001929584664069804
3.59,0.00018925876397971983
3.59,0.00018925876397971983
3.59,0.00018925876397971983
3.59,0.00018925876397971983
3.59,0.00018925876397971983
3.59,0.00018925876397971983
3.59,0.00018925876397971983
3.59,0.00018925876397971983
3.59,0.00018925876397971983
7.74,0.0002057918272730063
7.74,0.0002057918272730063
7.74,0.0002057918272730063
4.61,0.00020116664393054256
4.61,0.00020116664393054256
4.61,0.00020116664393054256
7.74,0.0002057918272730063
7.74,0.0002057918272730063
7.74,0.0002057918272730063
4.61,0.00020116664393054256
4.61,0.00020116664393054256
4.61,0.00020116664393054256
7.74,0.0002057918272730063
7.74,0.0002057918272730063
7.74,0.0002057918272730063
4.61,0.00020116664393054256
4.61,0.00020116664393054256
4.61,0.00020116664393054256
2.41,0.00020515036378889704
2.41,0.00020515036378889704
2.41,0.00020515036378889704
2.41,0.00020515036378889704
2.41,0.00020515036378889704
2.41,0.00020515036378889704
2.41,0.00020515036378889704
2.41,0.00020515036378889704
2.41,0.00020515036378889704
3.2,0.0001953682793453272
3.2,0.0001953682793453272
3.2,0.0001953682793453272
3.2,0.0001953682793453272
3.2,0.0001953682793453272
3.2,0.0001953682793453272
5.68,0.0001980603384018088
5.68,0.0001980603384018088
5.68,0.0001980603384018088
5.68,0.0001980603384018088
0.52,0.00018964709105811516
0.52,0.00018964709105811516
0.52,0.00018964709105811516
0.52,0.00018964709105811516
0.52,0.00018964709105811516
0.52,0.00018964709105811516
7.47,0.00017270971972327523
7.47,0.00017270971972327523
7.47,0.00017270971972327523
7.47,0.00017270971972327523
7.47,0.00017270971972327523
7.47,0.00017270971972327523
7.47,0.00017270971972327523
7.47,0.00017270971972327523
7.47,0.00017270971972327523
4.3,0.0001734855354977265
4.3,0.0001734855354977265
4.3,0.0001734855354977265
4.3,0.0001734855354977265
4.3,0.0001734855354977265
4.3,0.0001734855354977265
2.64,0.0001676083471923768
2.64,0.0001676083471923768
2.64,0.0001676083471923768
2.64,0.0001676083471923768
2.64,0.0001676083471923768
2.64,0.0001676083471923768
1.38,0.00021311868765455045
1.38,0.00021311868765455045
1.38,0.00021311868765455045
1.38,0.00021311868765455045
1.38,0.00021311868765455045
1.38,0.00021311868765455045
1.74,0.00021311868765455045
1.74,0.00021311868765455045
1.74,0.00021311868765455045
1.74,0.00021311868765455045
1.74,0.00021311868765455045
1.74,0.00021311868765455045
1.73,0.00021657363325734783
1.73,0.00021657363325734783
1.74,0.00021311868765455045
1.74,0.00021311868765455045
1.74,0.00021311868765455045
1.73,0.00021657363325734783
1.73,0.00021657363325734783
1.73,0.00021657363325734783
1.61,0.00021657363325734783
1.61,0.00021657363325734783
1.61,0.00021657363325734783
1.32,0.00021657363325734783
1.32,0.00021657363325734783
1.32,0.00021657363325734783
0.67,0.00021657363325734783
0.65,0.00020708644915347512
0.65,0.00020708644915347512
0.65,0.00020708644915347512
1.61,0.00021657363325734783
1.61,0.00021657363325734783
1.61,0.00021657363325734783
1.61,0.00021657363325734783
1.32,0.00021657363325734783
1.32,0.00021657363325734783
0.67,0.00021657363325734783
0.65,0.00020708644915347512
0.65,0.00020708644915347512
0.65,0.00020708644915347512
1.61,0.00021657363325734783
1.61,0.00021657363325734783
1.61,0.00021657363325734783
1.32,0.00021657363325734783
1.32,0.00021657363325734783
0.67,0.00021657363325734783
0.65,0.00020708644915347512
0.65,0.00020708644915347512
0.65,0.00020708644915347512
2.22,0.00020655846316643248
2.22,0.00020655846316643248
2.22,0.00020655846316643248
2.22,0.00020655846316643248
2.22,0.00020655846316643248
2.22,0.00020655846316643248
0.99,0.00020995600109798
0.99,0.00020995600109798
0.99,0.00020995600109798
0.99,0.00020995600109798
0.99,0.00020995600109798
0.99,0.00020995600109798
0.99,0.00020995600109798
2.44,0.00020995600109798
2.44,0.00020995600109798
2.44,0.00020995600109798
2.44,0.00020995600109798
2.44,0.00020995600109798
2.44,0.00020995600109798
3.96,0.00020995600109798
3.96,0.00020995600109798
3.96,0.00020995600109798
4.04,0.00020995600109798
3.96,0.00020995600109798
3.96,0.00020995600109798
3.96,0.00020995600109798
4.04,0.00020995600109798
3.96,0.00020995600109798
3.96,0.00020995600109798
3.96,0.00020995600109798
4.04,0.00020995600109798
2.34,0.00021500101411601303
3.61,0.00021500101411601303
3.61,0.00021500101411601303
3.61,0.00021500101411601303
2.34,0.00021500101411601303
3.61,0.00021500101411601303
3.61,0.00021500101411601303
3.61,0.00021500101411601303
1.72,0.0002231220429203463
1.72,0.0002231220429203463
1.72,0.0002231220429203463
3.61,0.00021500101411601303
3.61,0.00021500101411601303
3.61,0.00021500101411601303
1.72,0.0002231220429203463
1.72,0.0002231220429203463
1.72,0.0002231220429203463
2.34,0.00021500101411601303
2.34,0.00021500101411601303
2.34,0.00021500101411601303
1.76,0.00021500101411601303
1.76,0.00021500101411601303
1.76,0.00021500101411601303
1.72,0.0002231220429203463
1.72,0.0002231220429203463
1.72,0.0002231220429203463
2.89,0.0002169919883486692
2.89,0.0002169919883486692
2.89,0.0002169919883486692
1.76,0.0002127620947960655
1.76,0.0002127620947960655
1.76,0.0002127620947960655
2.89,0.0002169919883486692
2.89,0.0002169919883486692
2.89,0.0002169919883486692
1.42,0.0002169919883486692
1.76,0.0002127620947960655
1.76,0.0002127620947960655
1.76,0.0002127620947960655
2.06,0.0002127620947960655
2.06,0.0002127620947960655
2.89,0.0002169919883486692
2.89,0.0002169919883486692
2.89,0.0002169919883486692
1.42,0.0002169919883486692
1.31,0.0002127620947960655
1.76,0.0002127620947960655
1.76,0.0002127620947960655
1.76,0.0002127620947960655
2.06,0.0002127620947960655
2.06,0.0002127620947960655
1.42,0.0002169919883486692
1.42,0.0002169919883486692
1.42,0.0002169919883486692
1.31,0.0002127620947960655
1.31,0.0002127620947960655
1.31,0.0002127620947960655
1.31,0.0002127620947960655
1.31,0.0002127620947960655
1.31,0.0002127620947960655
6.84,0.0002039738367024826
6.84,0.0002039738367024826
6.84,0.0002039738367024826
6.84,0.0002039738367024826
6.84,0.0002039738367024826
6.84,0.0002039738367024826
6.84,0.0002039738367024826
6.84,0.0002039738367024826
6.84,0.0002039738367024826
6.57,0.00021237657958832017
6.57,0.00021237657958832017
6.57,0.00021237657958832017
6.57,0.00021237657958832017
6.57,0.00021237657958832017
6.57,0.00021237657958832017
6.57,0.00021237657958832017
6.57,0.00021237657958832017
6.57,0.00021237657958832017
2.22,0.00021237657958832017
2.22,0.00021237657958832017
2.22,0.00021237657958832017
2.22,0.00021237657958832017
2.22,0.00021237657958832017
2.22,0.00021237657958832017
2.22,0.00021237657958832017
2.22,0.00021237657958832017
2.22,0.00021237657958832017
1.48,0.00020545093578759624
1.48,0.00020545093578759624
1.48,0.00020545093578759624
1.48,0.00020545093578759624
0.86,0.0001925554113470829
0.86,0.0001925554113470829
0.86,0.0001925554113470829
1.48,0.00020545093578759624
1.48,0.00020545093578759624
1.48,0.00020545093578759624
1.48,0.00020545093578759624
0.86,0.0001925554113470829
0.86,0.0001925554113470829
0.86,0.0001925554113470829
1.48,0.00020545093578759624
1.48,0.00020545093578759624
1.48,0.00020545093578759624
0.83,0.00020545093578759624
9.5,0.00020889057480740747
9.5,0.00020889057480740747
9.5,0.00020889057480740747
9.5,0.00020889057480740747
9.5,0.00020889057480740747
9.5,0.00020889057480740747
9.5,0.00020889057480740747
9.5,0.00020889057480740747
9.5,0.00020889057480740747
7.4,0.00019989231582467456
7.4,0.00019989231582467456
7.4,0.00019989231582467456
4.31,0.00019989231582467456
4.31,0.00019989231582467456
4.31,0.00019989231582467456
4.31,0.00019989231582467456
4.31,0.00019989231582467456
4.31,0.00019989231582467456
4.31,0.00019989231582467456
4.31,0.00019989231582467456
4.31,0.00019989231582467456
2.83,0.00020500193977526543
2.83,0.00020500193977526543
2.83,0.00020500193977526543
2.83,0.00020500193977526543
2.83,0.00020500193977526543
2.83,0.00020500193977526543
2.83,0.00020500193977526543
2.83,0.00020500193977526543
2.83,0.00020500193977526543
2.87,0.00020500193977526543
2.87,0.00020500193977526543
2.87,0.00019386908473566464
2.87,0.00020500193977526543
2.87,0.00020500193977526543
2.87,0.00019386908473566464
4.43,0.0001934555504405453
4.43,0.0001934555504405453
4.43,0.0001934555504405453
2.87,0.00020500193977526543
2.87,0.00020500193977526543
2.87,0.00020500193977526543
4.43,0.0001934555504405453
4.43,0.0001934555504405453
4.43,0.0001934555504405453
2.11,0.0002143479773649404
2.11,0.0002143479773649404
2.11,0.0002143479773649404
2.11,0.0002143479773649404
2.11,0.0002143479773649404
2.11,0.0002143479773649404
2.11,0.0002143479773649404
2.11,0.0002143479773649404
2.11,0.0002143479773649404
1.68,0.0002382289916461333
1.68,0.0002382289916461333
1.68,0.0002382289916461333
1.87,0.0002382289916461333
1.87,0.0002382289916461333
1.87,0.0002382289916461333
2.36,0.0002382289916461333
2.36,0.0002382289916461333
2.36,0.0002382289916461333
2.36,0.0002382289916461333
1.87,0.0002382289916461333
1.87,0.0002382289916461333
1.87,0.0002382289916461333
2.36,0.0002382289916461333
2.36,0.0002382289916461333
2.36,0.0002382289916461333
2.36,0.0002382289916461333
2.36,0.0002382289916461333
2.36,0.0002382289916461333
2.36,0.0002382289916461333
2.36,0.0002382289916461333
0.71,0.00022543256523408503
0.71,0.00022543256523408503
0.71,0.00022543256523408503
0.71,0.00022543256523408503
0.71,0.00022543256523408503
0.71,0.00022543256523408503
0.71,0.00022543256523408503
0.71,0.00022543256523408503
0.71,0.00022543256523408503
2.66,0.0002534099724250891
1.71,0.0002534099724250891
1.71,0.0002534099724250891
1.71,0.0002534099724250891
0.96,0.0002534099724250891
0.96,0.0002534099724250891
0.96,0.0002534099724250891
2.66,0.0002534099724250891
1.71,0.0002534099724250891
1.71,0.0002534099724250891
1.71,0.0002534099724250891
0.96,0.0002534099724250891
0.96,0.0002534099724250891
0.96,0.0002534099724250891
2.66,0.0002534099724250891
2.66,0.0002534099724250891
1.71,0.0002534099724250891
1.71,0.0002534099724250891
0.96,0.0002534099724250891
0.96,0.0002534099724250891
0.96,0.0002534099724250891
1.79,0.0002476710833227925
1.79,0.0002476710833227925
1.79,0.0002476710833227925
1.67,0.00022543256523408503
1.67,0.00022543256523408503
1.67,0.00022543256523408503
1.54,0.0002534099724250891
1.54,0.0002534099724250891
1.54,0.0002534099724250891
1.29,0.0002476710833227925
1.29,0.0002476710833227925
1.79,0.0002476710833227925
1.79,0.0002476710833227925
1.79,0.0002476710833227925
1.67,0.00022543256523408503
1.67,0.00022543256523408503
1.67,0.00022543256523408503
2.76,0.00022543256523408503
2.76,0.00022543256523408503
2.76,0.00022543256523408503
1.54,0.0002534099724250891
2.35,0.0002534099724250891
2.35,0.0002534099724250891
2.2,0.0002476710833227925
1.29,0.0002476710833227925
1.29,0.0002476710833227925
1.79,0.0002476710833227925
1.79,0.0002476710833227925
1.79,0.0002476710833227925
0.95,0.0002476710833227925
0.95,0.0002476710833227925
0.95,0.0002476710833227925
1.67,0.00022543256523408503
1.67,0.00022543256523408503
1.67,0.00022543256523408503
3.91,0.00022543256523408503
3.91,0.00022543256523408503
3.91,0.00022543256523408503
2.76,0.00022543256523408503
1.54,0.0002534099724250891
2.35,0.0002534099724250891
2.35,0.0002534099724250891
2.2,0.0002534099724250891
1.29,0.0002476710833227925
1.29,0.0002476710833227925
2.54,0.0002476710833227925
2.96,0.0002476710833227925
2.96,0.0002476710833227925
2.96,0.0002476710833227925
0.95,0.0002476710833227925
0.95,0.0002476710833227925
0.95,0.0002476710833227925
3.08,0.00022543256523408503
3.08,0.00022543256523408503
3.08,0.00022543256523408503
3.91,0.00022543256523408503
3.91,0.00022543256523408503
3.91,0.00022543256523408503
2.76,0.00022543256523408503
2.2,0.0002534099724250891
2.2,0.0002534099724250891
2.2,0.0002534099724250891
2.35,0.0002476710833227925
1.49,0.0002476710833227925
2.54,0.0002476710833227925
2.96,0.0002476710833227925
2.96,0.0002476710833227925
2.96,0.0002476710833227925
0.95,0.0002476710833227925
0.95,0.0002476710833227925
0.95,0.0002476710833227925
2.72,0.00022543256523408503
2.72,0.00022543256523408503
2.72,0.00022543256523408503
1.49,0.0002476710833227925
1.49,0.0002476710833227925
1.49,0.0002476710833227925
0.95,0.0002476710833227925
0.95,0.0002476710833227925
0.95,0.0002476710833227925
2.23,0.00022543256523408503
2.23,0.00022543256523408503
2.23,0.00022543256523408503
2.23,0.00022543256523408503
2.23,0.00022543256523408503
2.23,0.00022543256523408503
2.23,0.00022543256523408503
2.23,0.00022543256523408503
2.23,0.00022543256523408503
1.12,0.00022543256523408503
2.88,0.00022543256523408503
2.88,0.00022351209193206885
2.88,0.00022351209193206885
1.12,0.00022351209193206885
1.12,0.00022543256523408503
2.88,0.00022543256523408503
2.88,0.00022351209193206885
2.88,0.00022351209193206885
1.12,0.00022351209193206885
0.91,0.00022543256523408503
2.88,0.00022543256523408503
2.88,0.00022543256523408503
2.88,0.00022351209193206885
1.12,0.00022351209193206885
1.12,0.00022543256523408503
1.12,0.00022351209193206885
1.12,0.00022351209193206885
1.29,0.00022397391517570492
1.29,0.00024205345504172532
1.29,0.00022397391517570492
1.29,0.00024205345504172532
1.29,0.00022397391517570492
1.29,0.00022397391517570492
0.56,0.00024205345504172532
0.56,0.00024205345504172532
0.56,0.00024205345504172532
0.56,0.00024205345504172532
0.56,0.00024205345504172532
1.62,0.00024205345504172532
1.62,0.00024205345504172532
1.62,0.00024205345504172532
1.62,0.00024205345504172532
0.56,0.00024205345504172532
0.56,0.00024205345504172532
1.62,0.00024205345504172532
1.62,0.00024205345504172532
1.62,0.00024205345504172532
1.62,0.00024205345504172532
0.56,0.00024205345504172532
1.62,0.00024205345504172532
1.62,0.00024205345504172532
1.62,0.00024205345504172532
1.62,0.00024205345504172532
2.04,0.0002420311540222216
3.38,0.0002420311540222216
3.38,0.0002420311540222216
1.68,0.0002420311540222216
2.04,0.0002420311540222216
3.38,0.0002420311540222216
3.38,0.0002420311540222216
1.68,0.0002420311540222216
2.04,0.0002420311540222216
3.38,0.0002420311540222216
3.38,0.0002420311540222216
1.68,0.0002420311540222216
2.47,0.0002420311540222216
3.47,0.0002420311540222216
3.47,0.0002420311540222216
3.47,0.0002420311540222216
2.47,0.0002420311540222216
3.26,0.0002420311540222216
3.26,0.0002420311540222216
3.26,0.0002420311540222216
2.47,0.0002420311540222216
3.26,0.00023736677809177025
3.26,0.0002420311540222216
3.26,0.0002420311540222216
3.26,0.00023736677809177025
3.26,0.0002420311540222216
3.26,0.0002420311540222216
3.68,0.0002420311540222216
3.68,0.0002420311540222216
3.68,0.0002420311540222216
2.17,0.0002420311540222216
3.63,0.0002420311540222216
3.68,0.0002420311540222216
3.68,0.0002420311540222216
3.68,0.0002420311540222216
2.17,0.0002420311540222216
3.63,0.0002420311540222216
2.74,0.0002025166619754342
2.74,0.0002025166619754342
2.74,0.0002025166619754342
3.68,0.0002420311540222216
3.68,0.0002420311540222216
3.68,0.0002420311540222216
2.17,0.0002420311540222216
3.63,0.0002420311540222216
2.74,0.0002025166619754342
2.74,0.0002025166619754342
2.74,0.0002025166619754342
2.74,0.0002025166619754342
2.74,0.0002025166619754342
2.74,0.0002025166619754342
1.45,0.0002420311540222216
1.45,0.0002420311540222216
1.45,0.0002420311540222216
1.45,0.0002420311540222216
1.45,0.0002420311540222216
1.45,0.0002420311540222216
1.45,0.0002420311540222216
1.45,0.0002420311540222216
1.45,0.0002420311540222216
2.78,0.0001955253051149362
2.78,0.0001955253051149362
2.78,0.0001955253051149362
6.4,0.00017810691642987928
6.4,0.00017810691642987928
6.4,0.00017810691642987928
2.78,0.0001955253051149362
2.78,0.0001955253051149362
2.78,0.0001955253051149362
6.4,0.00017810691642987928
6.4,0.00017810691642987928
6.4,0.00017810691642987928
2.78,0.0001955253051149362
2.78,0.0001955253051149362
2.78,0.0001955253051149362
6.4,0.00017810691642987928
6.42,0.00017810691642987928
6.42,0.00017810691642987928
6.42,0.00017810691642987928
6.42,0.00017810691642987928
6.42,0.00017810691642987928
6.42,0.00017810691642987928
1.12,0.00019923139169580005
1.12,0.00019923139169580005
1.12,0.00019923139169580005
1.12,0.00019923139169580005
1.12,0.00019923139169580005
1.12,0.00019923139169580005
1.12,0.00019923139169580005
1.12,0.00019923139169580005
1.12,0.00019923139169580005
1.66,0.00019787316537737303
1.66,0.00019787316537737303
1.66,0.00019787316537737303
1.66,0.00019787316537737303
1.66,0.00019787316537737303
1.66,0.00019787316537737303
1.66,0.00019787316537737303
1.66,0.00019787316537737303
1.66,0.00019787316537737303
0.62,0.00018649565342199024
0.62,0.00018649565342199024
0.62,0.00018649565342199024
0.62,0.00018649565342199024
0.62,0.00018649565342199024
0.62,0.00018649565342199024
3.64,0.0002016930737701108
3.64,0.0002016930737701108
3.64,0.0002016930737701108
3.64,0.0002016930737701108
3.64,0.0002016930737701108
3.64,0.0002016930737701108
3.64,0.0002016930737701108
3.64,0.0002016930737701108
3.64,0.0002016930737701108
1.03,0.00021078041657674924
1.03,0.00021078041657674924
1.03,0.00021078041657674924
1.03,0.00021078041657674924
1.03,0.00021078041657674924
1.03,0.00021078041657674924
0.94,0.00020053505345986745
0.94,0.00020053505345986745
0.94,0.00020053505345986745
0.94,0.00020053505345986745
0.94,0.00020053505345986745
0.94,0.00020053505345986745
0.65,0.00020053505345986745
0.65,0.00020053505345986745
0.65,0.00020053505345986745
0.65,0.00020053505345986745
0.65,0.00020053505345986745
0.65,0.00020053505345986745
2.68,0.00021325270499566648
2.68,0.00021325270499566648
2.68,0.00021325270499566648
2.68,0.00021325270499566648
2.68,0.00021325270499566648
2.68,0.00021325270499566648
3.36,0.0002006835023891161
3.36,0.0002006835023891161
3.36,0.0002006835023891161
3.36,0.0002006835023891161
3.36,0.0002006835023891161
3.36,0.0002006835023891161
0.56,0.00020720721085895776
0.56,0.00020720721085895776
0.56,0.00020720721085895776
1.2,0.00020720721085895776
1.2,0.00020720721085895776
1.2,0.00020720721085895776
0.56,0.00020720721085895776
0.56,0.00020720721085895776
0.56,0.00020720721085895776
1.2,0.00020720721085895776
1.2,0.00020720721085895776
1.2,0.00020720721085895776
0.56,0.00020720721085895776
0.56,0.00020720721085895776
0.56,0.00020720721085895776
1.2,0.00020720721085895776
1.2,0.00020720721085895776
1.2,0.00020720721085895776
1.83,0.00020720721085895776
1.2,0.00020720721085895776
1.2,0.00020720721085895776
1.22,0.00017375504874160637
1.22,0.00017375504874160637
1.22,0.00017375504874160637
1.22,0.00017375504874160637
1.22,0.00017375504874160637
1.22,0.00017375504874160637
3.38,0.0001721443950911676
3.38,0.0001721443950911676
3.38,0.0001721443950911676
3.38,0.0001721443950911676
3.38,0.0001721443950911676
3.38,0.0001721443950911676
3.38,0.0001721443950911676
3.38,0.0001721443950911676
3.38,0.0001721443950911676
2.68,0.0002000104676047115
2.68,0.0002000104676047115
2.68,0.0002000104676047115
2.97,0.0002000104676047115
2.97,0.0002000104676047115
2.97,0.0002000104676047115
2.97,0.0002000104676047115
2.97,0.0002000104676047115
2.97,0.0002000104676047115
0.47,0.0001712043886293206
0.47,0.0001712043886293206
0.47,0.0001712043886293206
0.47,0.0001712043886293206
0.47,0.0001712043886293206
0.47,0.0001712043886293206
0.47,0.0001712043886293206
0.47,0.0001712043886293206
0.47,0.0001712043886293206
2.54,0.00020620542640608657
2.54,0.00020620542640608657
2.54,0.00020620542640608657
2.54,0.00020620542640608657
2.54,0.00020620542640608657
2.54,0.00020620542640608657
2.83,0.0001983667159308064
2.83,0.0001983667159308064
2.83,0.0001983667159308064
2.83,0.0001983667159308064
2.83,0.0001983667159308064
2.83,0.0001983667159308064
2.83,0.0001983667159308064
2.83,0.0001983667159308064
2.83,0.0001983667159308064
1.53,0.00018444748857615096
1.53,0.00018444748857615096
1.53,0.00018444748857615096
1.53,0.00018444748857615096
1.53,0.00018444748857615096
1.53,0.00018444748857615096
1.53,0.00018444748857615096
1.53,0.00018444748857615096
1.53,0.00018444748857615096
1.21,0.00019518807789580203
1.21,0.00019518807789580203
1.21,0.00019518807789580203
1.21,0.00019518807789580203
1.21,0.00019518807789580203
1.21,0.00019518807789580203
0.96,0.00019518807789580203
1.21,0.00019518807789580203
1.21,0.00019518807789580203
1.21,0.00019518807789580203
0.96,0.00019518807789580203
2.55,0.0001843749671672668
2.55,0.0001843749671672668
2.55,0.0001843749671672668
2.55,0.0001843749671672668
2.55,0.0001843749671672668
2.55,0.0001843749671672668
2.55,0.0001843749671672668
2.55,0.0001843749671672668
2.55,0.0001843749671672668
2.44,0.00017696992009588012
2.44,0.00017696992009588012
2.44,0.00017696992009588012
2.44,0.00017696992009588012
2.15,0.00016545003933442424
2.15,0.00016545003933442424
2.15,0.00016545003933442424
2.15,0.00016545003933442424
2.15,0.00016545003933442424
2.15,0.00016545003933442424
2.39,0.00016545003933442424
2.39,0.00016545003933442424
2.39,0.00016545003933442424
2.39,0.00016545003933442424
2.39,0.00016545003933442424
2.39,0.00016545003933442424
2.39,0.00016545003933442424
2.39,0.00016545003933442424
2.39,0.00016545003933442424
2.33,0.00017188532525117523
2.33,0.00017188532525117523
2.33,0.00017188532525117523
2.33,0.00017188532525117523
2.33,0.00017188532525117523
2.33,0.00017188532525117523
1.12,0.00017188532525117523
1.12,0.00017188532525117523
1.12,0.00017188532525117523
1.89,0.00016300590360023197
1.89,0.00016300590360023197
1.89,0.00016300590360023197
1.89,0.00016300590360023197
1.89,0.00016300590360023197
1.89,0.00016300590360023197
1.89,0.00016353200442697645
1.89,0.00016353200442697645
1.89,0.00016353200442697645
2.64,0.00017557011785600084
2.64,0.00017557011785600084
2.64,0.00017557011785600084
5.38,0.00017127377943079063
5.38,0.00017127377943079063
5.38,0.00017127377943079063
2.64,0.00017557011785600084
2.64,0.00017557011785600084
2.64,0.00017557011785600084
5.38,0.00017127377943079063
5.38,0.00017127377943079063
5.38,0.00017127377943079063
2.64,0.00017557011785600084
2.64,0.00017557011785600084
2.64,0.00017557011785600084
5.38,0.00017127377943079063
5.38,0.00017127377943079063
5.38,0.00017127377943079063
4.57,0.0001811007053380025
4.57,0.0001811007053380025
4.57,0.0001811007053380025
4.57,0.0001811007053380025
4.57,0.0001811007053380025
4.57,0.0001811007053380025
4.57,0.0001811007053380025
4.57,0.0001811007053380025
4.57,0.0001811007053380025
3.58,0.0001680002248557803
3.58,0.0001680002248557803
3.58,0.0001680002248557803
4.57,0.0001811007053380025
4.57,0.0001811007053380025
4.57,0.0001811007053380025
3.58,0.0001680002248557803
3.58,0.0001680002248557803
3.58,0.0001680002248557803
3.58,0.0001680002248557803
3.58,0.0001680002248557803
3.58,0.0001680002248557803
0.93,0.0001862942915965749
0.93,0.0001862942915965749
0.93,0.0001862942915965749
0.93,0.0001862942915965749
0.93,0.0001862942915965749
0.93,0.0001862942915965749
0.67,0.0001862942915965749
0.67,0.0001862942915965749
0.67,0.0001862942915965749
0.67,0.0001862942915965749
0.67,0.0001862942915965749
0.67,0.0001862942915965749
0.67,0.0001862942915965749
0.67,0.0001862942915965749
0.67,0.0001862942915965749
3.78,0.00017855187290621396
3.78,0.00017855187290621396
3.78,0.00017855187290621396
3.78,0.00017855187290621396
3.78,0.00017855187290621396
3.78,0.00017855187290621396
3.78,0.00017855187290621396
3.78,0.00017855187290621396
3.78,0.00017855187290621396
1.94,0.00017974858125751895
1.94,0.00017974858125751895
1.94,0.00017974858125751895
1.94,0.00017974858125751895
1.94,0.00017974858125751895
1.94,0.00017974858125751895
2.83,0.0001624130564609846
2.83,0.0001624130564609846
2.83,0.0001624130564609846
2.83,0.0001624130564609846
2.83,0.0001624130564609846
2.83,0.0001624130564609846
2.83,0.0001624130564609846
2.83,0.0001624130564609846
2.83,0.0001624130564609846
2.28,0.0001699403561147057
2.28,0.0001699403561147057
2.28,0.0001699403561147057
2.28,0.0001699403561147057
2.28,0.0001699403561147057
2.28,0.0001699403561147057
0.82,0.00016874266438288792
0.82,0.00016874266438288792
0.82,0.00016874266438288792
0.82,0.00016874266438288792
0.82,0.00016874266438288792
0.82,0.00016874266438288792
0.82,0.00016874266438288792
0.82,0.00016874266438288792
0.82,0.00016874266438288792
4.38,0.00017728830753095085
4.38,0.00017728830753095085
4.38,0.00017728830753095085
4.38,0.00017728830753095085
4.38,0.00017728830753095085
4.38,0.00017728830753095085
4.38,0.00017728830753095085
4.38,0.00017728830753095085
4.38,0.00017728830753095085
4.38,0.00017728830753095085
4.38,0.00017728830753095085
4.38,0.00017728830753095085
0.95,0.00017618339704406544
0.95,0.00017618339704406544
0.95,0.00017618339704406544
0.95,0.00017618339704406544
0.95,0.00017618339704406544
0.95,0.00017618339704406544
0.95,0.00017618339704406544
0.95,0.00017618339704406544
0.95,0.00017618339704406544
1.1,0.00016917643655195273
1.1,0.00016917643655195273
1.1,0.00016917643655195273
1.1,0.00016917643655195273
1.1,0.00016917643655195273
1.1,0.00016917643655195273
0.95,0.00016884903104693517
0.95,0.00016884903104693517
0.95,0.00016884903104693517
1.1,0.00016917643655195273
1.1,0.00016917643655195273
1.1,0.00016917643655195273
0.95,0.00016884903104693517
0.95,0.00016884903104693517
0.95,0.00016884903104693517
1.1,0.00016917643655195273
1.1,0.00016917643655195273
0.89,0.00015996878882284233
0.89,0.00015996878882284233
0.89,0.00015996878882284233
0.89,0.00015996878882284233
0.89,0.00015996878882284233
0.89,0.00015996878882284233
0.32,0.00016250105567293887
0.32,0.00016250105567293887
0.32,0.00016250105567293887
0.32,0.00016250105567293887
0.38,0.00016250105567293887
0.38,0.00016250105567293887
0.38,0.00016250105567293887
0.96,0.00016250105567293887
0.96,0.00016250105567293887
0.38,0.00016250105567293887
0.38,0.00016250105567293887
0.38,0.00016250105567293887
0.96,0.00016250105567293887
0.96,0.00016250105567293887
0.96,0.00016250105567293887
0.96,0.00016250105567293887
0.34,0.0001626698436031193
0.34,0.0001626698436031193
0.34,0.0001626698436031193
4.5,0.00014157399848329518
4.5,0.00014157399848329518
4.5,0.00014157399848329518
0.34,0.0001626698436031193
0.34,0.0001626698436031193
0.34,0.0001626698436031193
5.89,0.00014519545094575256
5.89,0.00014519545094575256
5.89,0.00014519545094575256
0.34,0.0001651107764601513
0.34,0.0001651107764601513
0.34,0.0001651107764601513
5.89,0.00014519545094575256
5.89,0.00014519545094575256
5.89,0.00014519545094575256
0.34,0.0001651107764601513
0.34,0.0001651107764601513
5.89,0.00014519545094575256
5.89,0.00014519545094575256
5.89,0.00014519545094575256
0.65,0.00018749014561253408
0.65,0.00018749014561253408
0.65,0.00018749014561253408
0.65,0.00018749014561253408
0.65,0.00018749014561253408
0.65,0.00018749014561253408
1.14,0.00018749014561253408
2.5,0.00018749014561253408
2.5,0.00018749014561253408
2.5,0.00018749014561253408
1.14,0.00018749014561253408
2.5,0.00018749014561253408
2.5,0.00018749014561253408
2.5,0.00018749014561253408
1.14,0.00018749014561253408
1.14,0.00018749014561253408
2.5,0.00018749014561253408
2.5,0.00018749014561253408
1.14,0.00018749014561253408
1.14,0.00018749014561253408
1.4,0.00018749014561253408
1.4,0.00018749014561253408
1.4,0.00018749014561253408
1.4,0.00018749014561253408
5.79,0.00021816297488822369
5.79,0.00021816297488822369
5.79,0.00021816297488822369
5.79,0.00021816297488822369
5.79,0.00021816297488822369
5.79,0.00021816297488822369
5.79,0.00021816297488822369
5.79,0.00021816297488822369
5.79,0.00021816297488822369
0.83,0.0002407858234846268
0.83,0.0002407858234846268
0.83,0.0002407858234846268
0.83,0.0002407858234846268
0.83,0.0002407858234846268
0.83,0.0002407858234846268
0.83,0.0002407858234846268
0.83,0.0002407858234846268
0.83,0.0002407858234846268
2.21,0.00017618339704406544
2.21,0.00017618339704406544
2.21,0.00017618339704406544
2.21,0.00017618339704406544
2.21,0.00017618339704406544
2.21,0.00017618339704406544
3.17,0.00016722023771634115
3.17,0.00016722023771634115
3.17,0.00016722023771634115
3.17,0.00016722023771634115
3.17,0.00016722023771634115
3.17,0.00016722023771634115
3.17,0.00016722023771634115
3.17,0.00016722023771634115
3.17,0.00016722023771634115
3.79,0.0001814568987662372
3.79,0.00017227759041467462
3.79,0.00017227759041467462
3.54,0.00016941123361906738
3.54,0.00016941123361906738
3.54,0.00016941123361906738
4.29,0.0001661023192760131
4.29,0.0001661023192760131
4.29,0.0001661023192760131
3.79,0.0001814568987662372
3.79,0.00017227759041467462
3.79,0.00017227759041467462
3.54,0.00016941123361906738
3.54,0.00016941123361906738
3.54,0.00016941123361906738
4.29,0.0001661023192760131
4.29,0.0001661023192760131
4.29,0.0001661023192760131
3.79,0.0001814568987662372
3.79,0.00017227759041467462
3.79,0.00017227759041467462
3.54,0.00016941123361906738
3.54,0.00016941123361906738
3.54,0.00016941123361906738
3.0,0.00016112759664681854
3.0,0.00016112759664681854
3.0,0.00016112759664681854
3.0,0.00016112759664681854
3.0,0.00016112759664681854
3.0,0.00016112759664681854
3.0,0.00016694371957714447
3.0,0.00016694371957714447
3.0,0.00016694371957714447
10.0,0.00016244375398238016
10.0,0.00016244375398238016
10.0,0.00016244375398238016
10.0,0.00016244375398238016
10.0,0.00016244375398238016
10.0,0.00016244375398238016
10.0,0.00016558867935400013
10.0,0.00016244375398238016
10.0,0.00016244375398238016
2.61,0.00016472688710349428
2.61,0.00016472688710349428
2.61,0.00016472688710349428
2.61,0.00016472688710349428
2.61,0.00016472688710349428
2.61,0.00016472688710349428
2.61,0.00016472688710349428
2.61,0.00016472688710349428
2.61,0.00016472688710349428
3.85,0.00018070420275453184
3.85,0.00018070420275453184
3.85,0.00018070420275453184
3.85,0.00018070420275453184
3.85,0.00018070420275453184
3.85,0.00018070420275453184
3.85,0.00018070420275453184
3.85,0.00018070420275453184
3.85,0.00018070420275453184
1.12,0.00016409621195388976
1.12,0.00016409621195388976
1.12,0.00016409621195388976
1.12,0.00016409621195388976
1.12,0.00016409621195388976
1.12,0.00016409621195388976
1.12,0.00016409621195388976
1.12,0.00016409621195388976
1.12,0.00016409621195388976
2.32,0.00017452670158642496
2.32,0.00016749053329048505
2.32,0.00017452670158642496
2.32,0.00016749053329048505
2.32,0.00017452670158642496
2.32,0.00017452670158642496
0.86,0.0001736795599260876
0.86,0.0001736795599260876
0.86,0.0001736795599260876
0.86,0.0001736795599260876
0.86,0.0001736795599260876
1.71,0.0001736795599260876
1.71,0.0001736795599260876
1.71,0.0001736795599260876
1.69,0.0001687320327459421
2.95,0.0001687320327459421
2.95,0.0001687320327459421
2.95,0.0001687320327459421
1.89,0.0001687320327459421
1.89,0.0001687320327459421
1.89,0.0001687320327459421
1.71,0.0001687320327459421
1.71,0.0001687320327459421
1.71,0.0001687320327459421
1.33,0.00017687584280052875
1.33,0.00017687584280052875
1.69,0.0001687320327459421
2.95,0.0001687320327459421
2.95,0.0001687320327459421
2.95,0.0001687320327459421
1.89,0.0001687320327459421
1.89,0.0001687320327459421
1.89,0.0001687320327459421
1.71,0.0001687320327459421
1.71,0.0001687320327459421
1.71,0.0001687320327459421
1.33,0.00017687584280052875
1.33,0.00017687584280052875
1.69,0.0001687320327459421
2.95,0.0001687320327459421
2.95,0.0001687320327459421
2.95,0.0001687320327459421
1.69,0.0001687320327459421
1.71,0.0001687320327459421
1.71,0.0001687320327459421
1.71,0.0001687320327459421
0.52,0.0001687320327459421
0.52,0.0001687320327459421
0.52,0.0001687320327459421
1.33,0.00017687584280052875
1.33,0.00017687584280052875
1.74,0.000177617711018096
1.74,0.000177617711018096
1.74,0.000177617711018096
1.69,0.0001687320327459421
2.95,0.0001687320327459421
2.95,0.0001687320327459421
2.95,0.0001687320327459421
1.69,0.0001687320327459421
0.89,0.0001687320327459421
0.89,0.0001687320327459421
0.89,0.0001687320327459421
0.66,0.0001687320327459421
0.52,0.0001687320327459421
0.52,0.0001687320327459421
0.52,0.0001687320327459421
1.74,0.000177617711018096
1.74,0.000177617711018096
1.74,0.000177617711018096
0.89,0.0001687320327459421
0.89,0.0001687320327459421
0.89,0.0001687320327459421
0.66,0.0001687320327459421
0.52,0.0001687320327459421
0.52,0.0001687320327459421
0.52,0.0001687320327459421
0.89,0.0001687320327459421
0.89,0.0001687320327459421
0.89,0.0001687320327459421
0.66,0.0001687320327459421
0.98,0.0001687320327459421
0.98,0.0001687320327459421
0.98,0.0001687320327459421
0.98,0.0001687320327459421
0.98,0.0001687320327459421
0.98,0.0001687320327459421
0.98,0.0001687320327459421
0.98,0.0001687320327459421
0.98,0.0001687320327459421
1.08,0.0001687320327459421
1.08,0.0001687320327459421
1.08,0.0001687320327459421
1.08,0.0001687320327459421
1.08,0.0001687320327459421
1.08,0.0001687320327459421
1.08,0.0001687320327459421
1.08,0.0001687320327459421
1.08,0.0001687320327459421
2.88,0.00015356522148539031
2.88,0.00015356522148539031
2.88,0.00015356522148539031
2.88,0.00015356522148539031
2.88,0.00015356522148539031
2.88,0.00015356522148539031
2.88,0.00015356522148539031
2.88,0.00015356522148539031
2.88,0.00015356522148539031
1.54,0.00016707126476170236
1.54,0.00016707126476170236
1.54,0.00016707126476170236
1.54,0.00016707126476170236
1.54,0.00016707126476170236
1.54,0.00016707126476170236
1.54,0.00016707126476170236
1.54,0.00016707126476170236
1.54,0.00016707126476170236
4.57,0.00016781398921217002
4.57,0.00016781398921217002
4.57,0.00016781398921217002
4.57,0.00016781398921217002
4.57,0.00016781398921217002
4.57,0.00016781398921217002
4.57,0.00016781398921217002
4.57,0.00016781398921217002
4.57,0.00016781398921217002
2.05,0.000158431115827991
2.05,0.000158431115827991
2.05,0.000158431115827991
2.05,0.000158431115827991
2.05,0.000158431115827991
2.05,0.000158431115827991
2.05,0.000158431115827991
2.05,0.000158431115827991
2.05,0.000158431115827991
4.07,0.00016124522658259865
4.07,0.00016124522658259865
4.07,0.00016124522658259865
4.07,0.00016124522658259865
4.07,0.00016124522658259865
4.07,0.00016124522658259865
4.07,0.00016124522658259865
4.07,0.00016124522658259865
4.07,0.00016124522658259865
4.07,0.00016124522658259865
4.07,0.00016124522658259865
4.07,0.00016124522658259865
4.07,0.00015463430122665471
4.07,0.00015463430122665471
4.07,0.00015463430122665471
4.07,0.00015463430122665471
2.13,0.00017295114886313134
2.13,0.00017295114886313134
2.13,0.00017295114886313134
5.79,0.00016166695538553206
5.79,0.00016166695538553206
5.79,0.00016166695538553206
2.13,0.00017295114886313134
2.13,0.00017295114886313134
2.13,0.00017295114886313134
5.79,0.00016166695538553206
5.79,0.00016166695538553206
5.79,0.00016166695538553206
5.79,0.00016166695538553206
5.79,0.00016166695538553206
5.79,0.00016166695538553206
5.79,0.00016166695538553206
5.79,0.00016166695538553206
5.79,0.00016166695538553206
5.79,0.00016166695538553206
5.79,0.00016166695538553206
5.79,0.00016166695538553206
5.79,0.00016166695538553206
2.44,0.00015755829283102565
2.44,0.00015755829283102565
2.44,0.00015755829283102565
2.44,0.00016043456683374527
2.44,0.00016043456683374527
2.44,0.00016043456683374527
2.44,0.00016043456683374527
2.44,0.00016043456683374527
2.44,0.00016043456683374527
3.77,0.00015072877518782624
3.77,0.0001618036743491087
3.77,0.0001618036743491087
3.77,0.00015072877518782624
3.77,0.00015072877518782624
3.77,0.0001618036743491087
3.77,0.00015072877518782624
3.77,0.00015072877518782624
3.77,0.0001618036743491087
1.11,0.00014794985857456667
1.11,0.00014794985857456667
1.11,0.00014794985857456667
1.11,0.00014794985857456667
1.11,0.00014794985857456667
1.11,0.00014794985857456667
0.52,0.00015462120338748564
0.52,0.00015462120338748564
0.52,0.00015462120338748564
0.52,0.00015462120338748564
0.52,0.00015462120338748564
0.52,0.00015462120338748564
6.92,0.0001506998938454395
6.92,0.0001506998938454395
6.92,0.0001506998938454395
6.92,0.0001506998938454395
6.92,0.0001506998938454395
6.92,0.0001506998938454395
6.92,0.0001506998938454395
6.92,0.0001506998938454395
6.92,0.0001506998938454395
1.2,0.0001647422972773153
1.2,0.0001647422972773153
1.2,0.0001647422972773153
1.2,0.0001647422972773153
1.2,0.0001647422972773153
1.2,0.0001647422972773153
1.2,0.0001647422972773153
1.2,0.0001647422972773153
1.2,0.0001647422972773153
2.6,0.0002021617900406383
2.6,0.0002021617900406383
2.6,0.0002021617900406383
2.6,0.0002021617900406383
2.6,0.0002021617900406383
2.6,0.0002021617900406383
0.58,0.00022316843768600784
0.58,0.00022316843768600784
0.58,0.00022316843768600784
0.58,0.00022316843768600784
0.58,0.00022316843768600784
0.58,0.00022316843768600784
1.29,0.00018639869828096823
1.29,0.00018639869828096823
1.29,0.00018639869828096823
1.29,0.00018639869828096823
1.29,0.00018639869828096823
1.29,0.00018639869828096823
1.29,0.00018639869828096823
1.29,0.00018639869828096823
1.29,0.00018639869828096823
0.54,0.0001816242943298832
0.54,0.0001816242943298832
0.54,0.0001816242943298832
0.54,0.000198411420049424
0.54,0.0001816242943298832
0.54,0.0001816242943298832
0.54,0.000198411420049424
0.54,0.0001816242943298832
0.54,0.0001816242943298832
1.72,0.00015403838167589706
1.72,0.00016060658616614442
1.72,0.00016060658616614442
1.72,0.00016155010487084554
1.72,0.0001574575196609142
1.72,0.0001574575196609142
1.72,0.00016155010487084554
1.72,0.0001574575196609142
1.72,0.0001574575196609142
0.86,0.00017529341385450723
0.86,0.00017529341385450723
0.86,0.00017529341385450723
0.86,0.00017529341385450723
0.86,0.00017529341385450723
0.86,0.00017529341385450723
3.62,0.00021188018718116877
3.62,0.00021188018718116877
3.62,0.00020574193963907023
3.62,0.00021188018718116877
3.62,0.00021188018718116877
3.62,0.00021188018718116877
3.62,0.00021188018718116877
3.62,0.00021188018718116877
3.62,0.00021188018718116877
1.99,0.0002112799437871892
1.99,0.0002112799437871892
1.85,0.0002112799437871892
1.99,0.0002112799437871892
1.99,0.0002112799437871892
1.85,0.0002112799437871892
1.99,0.0002112799437871892
1.99,0.0002112799437871892
1.85,0.0002112799437871892
2.11,0.00019551851328561675
2.11,0.00019551851328561675
2.11,0.00019551851328561675
2.11,0.00019551851328561675
2.11,0.00019551851328561675
2.11,0.00019551851328561675
2.82,0.00017689107981093337
2.82,0.00017689107981093337
2.82,0.00017689107981093337
2.82,0.00017689107981093337
1.42,0.00017689107981093337
1.42,0.00017689107981093337
1.42,0.00017689107981093337
1.42,0.00017689107981093337
1.42,0.00017689107981093337
1.42,0.00017689107981093337
1.42,0.00017689107981093337
1.42,0.00017689107981093337
1.42,0.00017689107981093337
0.6,0.00016145097648737874
0.6,0.00016064088872910705
0.6,0.00016064088872910705
0.6,0.00016145097648737874
0.6,0.00016064088872910705
0.6,0.00016064088872910705
0.22,0.00014767335696454
0.22,0.00014767335696454
0.22,0.00014767335696454
0.22,0.00014767335696454
0.55,0.00014217201977499347
0.55,0.00014217201977499347
0.55,0.00014217201977499347
0.55,0.00014217201977499347
0.55,0.00014217201977499347
0.55,0.00014217201977499347
